GROUP,PACKAGE,CLASS,INSTRUCTION_MISSED,INSTRUCTION_COVERED,BRANCH_MISSED,BRANCH_COVERED,LINE_MISSED,LINE_COVERED,COMPLEXITY_MISSED,COMPLEXITY_COVERED,METHOD_MISSED,METHOD_COVERED
IBM Watson Health Cognitive Services Coverage Reports/ibm-whcs-services-common,com.ibm.cloud.whcs.common,SdkCommon,18,68,0,2,6,17,2,5,2,4
IBM Watson Health Cognitive Services Coverage Reports/insights-for-medical-literature,com.ibm.watson.health.iml.v1.exception,SDKException,5,0,0,0,2,0,1,0,1,0
IBM Watson Health Cognitive Services Coverage Reports/insights-for-medical-literature,com.ibm.watson.health.iml.v1.exception,ParameterNotAvailableException,4,0,0,0,2,0,1,0,1,0
IBM Watson Health Cognitive Services Coverage Reports/insights-for-medical-literature,com.ibm.watson.health.iml.v1,InsightsForMedicalLiteratureService,42,4024,84,138,9,521,91,58,7,31
IBM Watson Health Cognitive Services Coverage Reports/insights-for-medical-literature,com.ibm.watson.health.iml.v1,InsightsForMedicalLiteratureService.new TypeToken() {...},0,6,0,0,0,1,0,1,0,1
IBM Watson Health Cognitive Services Coverage Reports/insights-for-medical-literature,com.ibm.watson.health.iml.v1,InsightsForMedicalLiteratureService.new TypeToken() {...},0,6,0,0,0,1,0,1,0,1
IBM Watson Health Cognitive Services Coverage Reports/insights-for-medical-literature,com.ibm.watson.health.iml.v1,InsightsForMedicalLiteratureService.new TypeToken() {...},0,6,0,0,0,1,0,1,0,1
IBM Watson Health Cognitive Services Coverage Reports/insights-for-medical-literature,com.ibm.watson.health.iml.v1,InsightsForMedicalLiteratureService.new TypeToken() {...},0,6,0,0,0,1,0,1,0,1
IBM Watson Health Cognitive Services Coverage Reports/insights-for-medical-literature,com.ibm.watson.health.iml.v1,InsightsForMedicalLiteratureService.new TypeToken() {...},0,6,0,0,0,1,0,1,0,1
IBM Watson Health Cognitive Services Coverage Reports/insights-for-medical-literature,com.ibm.watson.health.iml.v1,InsightsForMedicalLiteratureService.new TypeToken() {...},0,6,0,0,0,1,0,1,0,1
IBM Watson Health Cognitive Services Coverage Reports/insights-for-medical-literature,com.ibm.watson.health.iml.v1,InsightsForMedicalLiteratureService.new TypeToken() {...},0,6,0,0,0,1,0,1,0,1
IBM Watson Health Cognitive Services Coverage Reports/insights-for-medical-literature,com.ibm.watson.health.iml.v1,InsightsForMedicalLiteratureService.new TypeToken() {...},0,6,0,0,0,1,0,1,0,1
IBM Watson Health Cognitive Services Coverage Reports/insights-for-medical-literature,com.ibm.watson.health.iml.v1,InsightsForMedicalLiteratureService.new TypeToken() {...},0,6,0,0,0,1,0,1,0,1
IBM Watson Health Cognitive Services Coverage Reports/insights-for-medical-literature,com.ibm.watson.health.iml.v1,InsightsForMedicalLiteratureService.new TypeToken() {...},0,6,0,0,0,1,0,1,0,1
IBM Watson Health Cognitive Services Coverage Reports/insights-for-medical-literature,com.ibm.watson.health.iml.v1,InsightsForMedicalLiteratureService.new TypeToken() {...},0,6,0,0,0,1,0,1,0,1
IBM Watson Health Cognitive Services Coverage Reports/insights-for-medical-literature,com.ibm.watson.health.iml.v1,InsightsForMedicalLiteratureService.new TypeToken() {...},0,6,0,0,0,1,0,1,0,1
IBM Watson Health Cognitive Services Coverage Reports/insights-for-medical-literature,com.ibm.watson.health.iml.v1,InsightsForMedicalLiteratureService.new TypeToken() {...},0,6,0,0,0,1,0,1,0,1
IBM Watson Health Cognitive Services Coverage Reports/insights-for-medical-literature,com.ibm.watson.health.iml.v1,InsightsForMedicalLiteratureService.new TypeToken() {...},0,6,0,0,0,1,0,1,0,1
IBM Watson Health Cognitive Services Coverage Reports/insights-for-medical-literature,com.ibm.watson.health.iml.v1,InsightsForMedicalLiteratureService.new TypeToken() {...},0,6,0,0,0,1,0,1,0,1
IBM Watson Health Cognitive Services Coverage Reports/insights-for-medical-literature,com.ibm.watson.health.iml.v1,InsightsForMedicalLiteratureService.new TypeToken() {...},0,6,0,0,0,1,0,1,0,1
IBM Watson Health Cognitive Services Coverage Reports/insights-for-medical-literature,com.ibm.watson.health.iml.v1,InsightsForMedicalLiteratureService.new TypeToken() {...},0,6,0,0,0,1,0,1,0,1
IBM Watson Health Cognitive Services Coverage Reports/insights-for-medical-literature,com.ibm.watson.health.iml.v1,InsightsForMedicalLiteratureService.new TypeToken() {...},0,6,0,0,0,1,0,1,0,1
IBM Watson Health Cognitive Services Coverage Reports/insights-for-medical-literature,com.ibm.watson.health.iml.v1,InsightsForMedicalLiteratureService.new TypeToken() {...},0,6,0,0,0,1,0,1,0,1
IBM Watson Health Cognitive Services Coverage Reports/insights-for-medical-literature,com.ibm.watson.health.iml.v1,InsightsForMedicalLiteratureService.new TypeToken() {...},0,6,0,0,0,1,0,1,0,1
IBM Watson Health Cognitive Services Coverage Reports/insights-for-medical-literature,com.ibm.watson.health.iml.v1,InsightsForMedicalLiteratureService.new TypeToken() {...},0,6,0,0,0,1,0,1,0,1
IBM Watson Health Cognitive Services Coverage Reports/insights-for-medical-literature,com.ibm.watson.health.iml.v1,InsightsForMedicalLiteratureService.new TypeToken() {...},0,6,0,0,0,1,0,1,0,1
IBM Watson Health Cognitive Services Coverage Reports/insights-for-medical-literature,com.ibm.watson.health.iml.v1,InsightsForMedicalLiteratureService.new TypeToken() {...},0,6,0,0,0,1,0,1,0,1
IBM Watson Health Cognitive Services Coverage Reports/insights-for-medical-literature,com.ibm.watson.health.iml.v1.model,GetStatisticsOptions.Builder,13,13,0,0,6,5,2,3,2,3
IBM Watson Health Cognitive Services Coverage Reports/insights-for-medical-literature,com.ibm.watson.health.iml.v1.model,RankedDocConcept,15,0,0,0,5,0,5,0,5,0
IBM Watson Health Cognitive Services Coverage Reports/insights-for-medical-literature,com.ibm.watson.health.iml.v1.model,GetCorporaConfigOptions.Builder,7,13,0,0,3,5,1,3,1,3
IBM Watson Health Cognitive Services Coverage Reports/insights-for-medical-literature,com.ibm.watson.health.iml.v1.model,SearchBody,9,0,0,0,4,0,1,0,1,0
IBM Watson Health Cognitive Services Coverage Reports/insights-for-medical-literature,com.ibm.watson.health.iml.v1.model,Qualifer,0,9,0,0,0,3,0,3,0,3
IBM Watson Health Cognitive Services Coverage Reports/insights-for-medical-literature,com.ibm.watson.health.iml.v1.model,GetRelatedConceptsOptions.Builder,87,54,4,0,26,21,6,11,4,11
IBM Watson Health Cognitive Services Coverage Reports/insights-for-medical-literature,com.ibm.watson.health.iml.v1.model,Count,0,9,0,0,0,3,0,3,0,3
IBM Watson Health Cognitive Services Coverage Reports/insights-for-medical-literature,com.ibm.watson.health.iml.v1.model,RelationModel,0,15,0,0,0,5,0,5,0,5
IBM Watson Health Cognitive Services Coverage Reports/insights-for-medical-literature,com.ibm.watson.health.iml.v1.model,Backend,0,6,0,0,0,2,0,2,0,2
IBM Watson Health Cognitive Services Coverage Reports/insights-for-medical-literature,com.ibm.watson.health.iml.v1.model,TypeaheadOptions,6,74,0,0,1,22,1,10,1,10
IBM Watson Health Cognitive Services Coverage Reports/insights-for-medical-literature,com.ibm.watson.health.iml.v1.model,GetDocumentsOptions,6,14,0,0,1,5,1,2,1,2
IBM Watson Health Cognitive Services Coverage Reports/insights-for-medical-literature,com.ibm.watson.health.iml.v1.model,MonitorCorpusOptions.Builder,13,13,0,0,6,5,2,3,2,3
IBM Watson Health Cognitive Services Coverage Reports/insights-for-medical-literature,com.ibm.watson.health.iml.v1.model,SortEntry.Order,3,34,0,0,1,6,1,2,1,2
IBM Watson Health Cognitive Services Coverage Reports/insights-for-medical-literature,com.ibm.watson.health.iml.v1.model,FieldOptions,0,6,0,0,0,2,0,2,0,2
IBM Watson Health Cognitive Services Coverage Reports/insights-for-medical-literature,com.ibm.watson.health.iml.v1.model,GetDocumentInfoResponse,0,6,0,0,0,2,0,1,0,1
IBM Watson Health Cognitive Services Coverage Reports/insights-for-medical-literature,com.ibm.watson.health.iml.v1.model,DeleteCorpusSchemaOptions,6,14,0,0,1,5,1,2,1,2
IBM Watson Health Cognitive Services Coverage Reports/insights-for-medical-literature,com.ibm.watson.health.iml.v1.model,AttributeEntry.Builder,91,73,4,0,25,29,5,15,3,15
IBM Watson Health Cognitive Services Coverage Reports/insights-for-medical-literature,com.ibm.watson.health.iml.v1.model,Corpus,24,0,0,0,8,0,8,0,8,0
IBM Watson Health Cognitive Services Coverage Reports/insights-for-medical-literature,com.ibm.watson.health.iml.v1.model,GetServiceStatusOptions.Builder,15,23,0,0,5,9,1,5,1,5
IBM Watson Health Cognitive Services Coverage Reports/insights-for-medical-literature,com.ibm.watson.health.iml.v1.model,CategoriesModel.Builder,31,43,0,0,9,17,1,9,1,9
IBM Watson Health Cognitive Services Coverage Reports/insights-for-medical-literature,com.ibm.watson.health.iml.v1.model,GetHitCountOptions,6,32,0,0,1,10,1,4,1,4
IBM Watson Health Cognitive Services Coverage Reports/insights-for-medical-literature,com.ibm.watson.health.iml.v1.model,MetadataModel,0,21,0,0,0,7,0,7,0,7
IBM Watson Health Cognitive Services Coverage Reports/insights-for-medical-literature,com.ibm.watson.health.iml.v1.model,GetFieldsOptions,6,14,0,0,1,5,1,2,1,2
IBM Watson Health Cognitive Services Coverage Reports/insights-for-medical-literature,com.ibm.watson.health.iml.v1.model,SearchOptions.Builder,33,23,0,0,12,9,3,5,3,5
IBM Watson Health Cognitive Services Coverage Reports/insights-for-medical-literature,com.ibm.watson.health.iml.v1.model,GetSimilarConceptsOptions,6,50,0,0,1,15,1,6,1,6
IBM Watson Health Cognitive Services Coverage Reports/insights-for-medical-literature,com.ibm.watson.health.iml.v1.model,Attribute,0,12,0,0,0,4,0,4,0,4
IBM Watson Health Cognitive Services Coverage Reports/insights-for-medical-literature,com.ibm.watson.health.iml.v1.model,Query,59,0,0,0,25,0,17,0,17,0
IBM Watson Health Cognitive Services Coverage Reports/insights-for-medical-literature,com.ibm.watson.health.iml.v1.model,CorpusProvider,9,0,0,0,3,0,3,0,3,0
IBM Watson Health Cognitive Services Coverage Reports/insights-for-medical-literature,com.ibm.watson.health.iml.v1.model,PossibleValues,6,17,0,0,1,6,1,3,1,3
IBM Watson Health Cognitive Services Coverage Reports/insights-for-medical-literature,com.ibm.watson.health.iml.v1.model,Message,0,21,0,0,0,7,0,7,0,7
IBM Watson Health Cognitive Services Coverage Reports/insights-for-medical-literature,com.ibm.watson.health.iml.v1.model,Typeahead,39,0,0,0,16,0,11,0,11,0
IBM Watson Health Cognitive Services Coverage Reports/insights-for-medical-literature,com.ibm.watson.health.iml.v1.model,RankedDocument,0,30,0,0,0,10,0,10,0,10
IBM Watson Health Cognitive Services Coverage Reports/insights-for-medical-literature,com.ibm.watson.health.iml.v1.model,GetSearchMatchesOptions.Builder,183,84,12,0,52,33,14,17,8,17
IBM Watson Health Cognitive Services Coverage Reports/insights-for-medical-literature,com.ibm.watson.health.iml.v1.model,ServiceStatus,0,45,0,0,0,15,0,15,0,15
IBM Watson Health Cognitive Services Coverage Reports/insights-for-medical-literature,com.ibm.watson.health.iml.v1.model,RelatedConceptModel,3,30,0,0,1,10,1,10,1,10
IBM Watson Health Cognitive Services Coverage Reports/insights-for-medical-literature,com.ibm.watson.health.iml.v1.model,AddCorpusDocumentOptions,6,56,0,0,1,17,1,8,1,8
IBM Watson Health Cognitive Services Coverage Reports/insights-for-medical-literature,com.ibm.watson.health.iml.v1.model,EnableCorpusSearchTrackingOptions.Builder,7,13,0,0,3,5,1,3,1,3
IBM Watson Health Cognitive Services Coverage Reports/insights-for-medical-literature,com.ibm.watson.health.iml.v1.model,SentenceModel.Builder,23,36,0,0,7,13,1,7,1,7
IBM Watson Health Cognitive Services Coverage Reports/insights-for-medical-literature,com.ibm.watson.health.iml.v1.model,MetadataFields,0,12,0,0,0,4,0,4,0,4
IBM Watson Health Cognitive Services Coverage Reports/insights-for-medical-literature,com.ibm.watson.health.iml.v1.model,GetDocumentInfoOptions,6,32,0,0,1,10,1,4,1,4
IBM Watson Health Cognitive Services Coverage Reports/insights-for-medical-literature,com.ibm.watson.health.iml.v1.model,GetDocumentInfoResponse.new TypeToken() {...},0,3,0,0,0,1,0,1,0,1
IBM Watson Health Cognitive Services Coverage Reports/insights-for-medical-literature,com.ibm.watson.health.iml.v1.model,HistogramData,0,9,0,0,0,3,0,3,0,3
IBM Watson Health Cognitive Services Coverage Reports/insights-for-medical-literature,com.ibm.watson.health.iml.v1.model,ConceptListModel,0,6,0,0,0,2,0,2,0,2
IBM Watson Health Cognitive Services Coverage Reports/insights-for-medical-literature,com.ibm.watson.health.iml.v1.model,RelatedConceptsModel,0,6,0,0,0,2,0,2,0,2
IBM Watson Health Cognitive Services Coverage Reports/insights-for-medical-literature,com.ibm.watson.health.iml.v1.model,EntryModel,6,24,0,0,1,8,1,4,1,4
IBM Watson Health Cognitive Services Coverage Reports/insights-for-medical-literature,com.ibm.watson.health.iml.v1.model,SearchModel,3,69,0,0,1,23,1,23,1,23
IBM Watson Health Cognitive Services Coverage Reports/insights-for-medical-literature,com.ibm.watson.health.iml.v1.model,SetCorpusConfigOptions.Builder,15,23,0,0,5,9,1,5,1,5
IBM Watson Health Cognitive Services Coverage Reports/insights-for-medical-literature,com.ibm.watson.health.iml.v1.model,AnnotationModel.Builder,151,153,4,0,40,59,5,30,3,30
IBM Watson Health Cognitive Services Coverage Reports/insights-for-medical-literature,com.ibm.watson.health.iml.v1.model,TextSpan,0,21,0,0,0,7,0,7,0,7
IBM Watson Health Cognitive Services Coverage Reports/insights-for-medical-literature,com.ibm.watson.health.iml.v1.model,Range,17,0,0,0,7,0,5,0,5,0
IBM Watson Health Cognitive Services Coverage Reports/insights-for-medical-literature,com.ibm.watson.health.iml.v1.model,ReturnsModel,70,3,0,0,30,2,20,1,20,1
IBM Watson Health Cognitive Services Coverage Reports/insights-for-medical-literature,com.ibm.watson.health.iml.v1.model,CommonDataModel,0,6,0,0,0,2,0,2,0,2
IBM Watson Health Cognitive Services Coverage Reports/insights-for-medical-literature,com.ibm.watson.health.iml.v1.model,Concepts,39,0,0,0,17,0,11,0,11,0
IBM Watson Health Cognitive Services Coverage Reports/insights-for-medical-literature,com.ibm.watson.health.iml.v1.model,GetStatisticsOptions,6,14,0,0,1,5,1,2,1,2
IBM Watson Health Cognitive Services Coverage Reports/insights-for-medical-literature,com.ibm.watson.health.iml.v1.model,EnableCorpusSearchTrackingOptions,6,10,0,0,1,4,1,2,1,2
IBM Watson Health Cognitive Services Coverage Reports/insights-for-medical-literature,com.ibm.watson.health.iml.v1.model,AddArtifactOptions.Builder,21,23,0,0,8,9,2,5,2,5
IBM Watson Health Cognitive Services Coverage Reports/insights-for-medical-literature,com.ibm.watson.health.iml.v1.model,AddArtifactOptions,6,28,0,0,1,9,1,4,1,4
IBM Watson Health Cognitive Services Coverage Reports/insights-for-medical-literature,com.ibm.watson.health.iml.v1.model,DataModel,0,18,0,0,0,6,0,6,0,6
IBM Watson Health Cognitive Services Coverage Reports/insights-for-medical-literature,com.ibm.watson.health.iml.v1.model,BooleanConcepts,9,0,0,0,3,0,3,0,3,0
IBM Watson Health Cognitive Services Coverage Reports/insights-for-medical-literature,com.ibm.watson.health.iml.v1.model,GetServiceStatusOptions,6,24,0,0,1,8,1,4,1,4
IBM Watson Health Cognitive Services Coverage Reports/insights-for-medical-literature,com.ibm.watson.health.iml.v1.model,Ranges,10,0,0,0,5,0,3,0,3,0
IBM Watson Health Cognitive Services Coverage Reports/insights-for-medical-literature,com.ibm.watson.health.iml.v1.model,StringBuilder,0,3,0,0,0,1,0,1,0,1
IBM Watson Health Cognitive Services Coverage Reports/insights-for-medical-literature,com.ibm.watson.health.iml.v1.model,Supports,6,0,0,0,2,0,2,0,2,0
IBM Watson Health Cognitive Services Coverage Reports/insights-for-medical-literature,com.ibm.watson.health.iml.v1.model,GetSearchMatchesOptions,6,120,0,0,1,35,1,16,1,16
IBM Watson Health Cognitive Services Coverage Reports/insights-for-medical-literature,com.ibm.watson.health.iml.v1.model,EntryModel.Builder,33,23,2,0,10,9,3,5,2,5
IBM Watson Health Cognitive Services Coverage Reports/insights-for-medical-literature,com.ibm.watson.health.iml.v1.model,GetDocumentCategoriesOptions.Builder,66,54,2,0,20,21,4,11,3,11
IBM Watson Health Cognitive Services Coverage Reports/insights-for-medical-literature,com.ibm.watson.health.iml.v1.model,Passages,56,0,0,0,24,0,15,0,15,0
IBM Watson Health Cognitive Services Coverage Reports/insights-for-medical-literature,com.ibm.watson.health.iml.v1.model,MultipleCategoriesModel,14,0,0,0,4,0,3,0,3,0
IBM Watson Health Cognitive Services Coverage Reports/insights-for-medical-literature,com.ibm.watson.health.iml.v1.model,SentenceModel,6,38,0,0,1,12,1,6,1,6
IBM Watson Health Cognitive Services Coverage Reports/insights-for-medical-literature,com.ibm.watson.health.iml.v1.model,RangeModel,0,15,0,0,0,5,0,5,0,5
IBM Watson Health Cognitive Services Coverage Reports/insights-for-medical-literature,com.ibm.watson.health.iml.v1.model,AnnotationModel,6,199,0,0,1,58,1,29,1,29
IBM Watson Health Cognitive Services Coverage Reports/insights-for-medical-literature,com.ibm.watson.health.iml.v1.model,TypeaheadOptions.Builder,84,55,4,0,25,21,6,11,4,11
IBM Watson Health Cognitive Services Coverage Reports/insights-for-medical-literature,com.ibm.watson.health.iml.v1.model,AggregationModel,0,9,0,0,0,3,0,3,0,3
IBM Watson Health Cognitive Services Coverage Reports/insights-for-medical-literature,com.ibm.watson.health.iml.v1.model,StatisticsModel,0,12,0,0,0,4,0,4,0,4
IBM Watson Health Cognitive Services Coverage Reports/insights-for-medical-literature,com.ibm.watson.health.iml.v1.model,AnnotationsModel,6,0,0,0,2,0,2,0,2,0
IBM Watson Health Cognitive Services Coverage Reports/insights-for-medical-literature,com.ibm.watson.health.iml.v1.model,GetRelatedConceptsOptions,6,78,0,0,1,23,1,10,1,10
IBM Watson Health Cognitive Services Coverage Reports/insights-for-medical-literature,com.ibm.watson.health.iml.v1.model,BooleanOperands,0,9,0,0,0,3,0,3,0,3
IBM Watson Health Cognitive Services Coverage Reports/insights-for-medical-literature,com.ibm.watson.health.iml.v1.model,ArtifactModel,0,30,0,0,0,10,0,10,0,10
IBM Watson Health Cognitive Services Coverage Reports/insights-for-medical-literature,com.ibm.watson.health.iml.v1.model,AddCorpusDocumentOptions.Builder,55,43,2,0,17,17,4,9,3,9
IBM Watson Health Cognitive Services Coverage Reports/insights-for-medical-literature,com.ibm.watson.health.iml.v1.model,GetCorporaConfigOptions,6,10,0,0,1,4,1,2,1,2
IBM Watson Health Cognitive Services Coverage Reports/insights-for-medical-literature,com.ibm.watson.health.iml.v1.model,UmlsTypesModel,6,0,0,0,2,0,2,0,2,0
IBM Watson Health Cognitive Services Coverage Reports/insights-for-medical-literature,com.ibm.watson.health.iml.v1.model,QueryConcept,69,0,0,0,30,0,19,0,19,0
IBM Watson Health Cognitive Services Coverage Reports/insights-for-medical-literature,com.ibm.watson.health.iml.v1.model,PassagesModel,0,9,0,0,0,3,0,3,0,3
IBM Watson Health Cognitive Services Coverage Reports/insights-for-medical-literature,com.ibm.watson.health.iml.v1.model,GetHealthCheckStatusOptions,6,17,0,0,1,6,1,3,1,3
IBM Watson Health Cognitive Services Coverage Reports/insights-for-medical-literature,com.ibm.watson.health.iml.v1.model,Documents,33,0,0,0,14,0,9,0,9,0
IBM Watson Health Cognitive Services Coverage Reports/insights-for-medical-literature,com.ibm.watson.health.iml.v1.model,Concept,0,63,0,0,0,21,0,21,0,21
IBM Watson Health Cognitive Services Coverage Reports/insights-for-medical-literature,com.ibm.watson.health.iml.v1.model,DictonaryEntry.Builder,199,73,16,0,55,29,17,15,9,15
IBM Watson Health Cognitive Services Coverage Reports/insights-for-medical-literature,com.ibm.watson.health.iml.v1.model,ConceptModel,0,87,0,0,0,29,0,29,0,29
IBM Watson Health Cognitive Services Coverage Reports/insights-for-medical-literature,com.ibm.watson.health.iml.v1.model,CorpusInfoModel,6,3,0,0,2,1,2,1,2,1
IBM Watson Health Cognitive Services Coverage Reports/insights-for-medical-literature,com.ibm.watson.health.iml.v1.model,DocumentTextModel,12,0,0,0,4,0,4,0,4,0
IBM Watson Health Cognitive Services Coverage Reports/insights-for-medical-literature,com.ibm.watson.health.iml.v1.model,AttributeEntry,6,94,0,0,1,28,1,14,1,14
IBM Watson Health Cognitive Services Coverage Reports/insights-for-medical-literature,com.ibm.watson.health.iml.v1.model,GetFieldsOptions.Builder,13,13,0,0,6,5,2,3,2,3
IBM Watson Health Cognitive Services Coverage Reports/insights-for-medical-literature,com.ibm.watson.health.iml.v1.model,GetDocumentCategoriesOptions,6,74,0,0,1,22,1,10,1,10
IBM Watson Health Cognitive Services Coverage Reports/insights-for-medical-literature,com.ibm.watson.health.iml.v1.model,SetCorpusSchemaOptions,6,31,0,0,1,10,1,5,1,5
IBM Watson Health Cognitive Services Coverage Reports/insights-for-medical-literature,com.ibm.watson.health.iml.v1.model,Attributes,3,0,0,0,2,0,1,0,1,0
IBM Watson Health Cognitive Services Coverage Reports/insights-for-medical-literature,com.ibm.watson.health.iml.v1.model,RankedDocLinks,0,9,0,0,0,3,0,3,0,3
IBM Watson Health Cognitive Services Coverage Reports/insights-for-medical-literature,com.ibm.watson.health.iml.v1.model,CategoriesModel,6,52,0,0,1,16,1,8,1,8
IBM Watson Health Cognitive Services Coverage Reports/insights-for-medical-literature,com.ibm.watson.health.iml.v1.model,Values,24,0,0,0,11,0,7,0,7,0
IBM Watson Health Cognitive Services Coverage Reports/insights-for-medical-literature,com.ibm.watson.health.iml.v1.model,MonitorCorpusOptions,6,14,0,0,1,5,1,2,1,2
IBM Watson Health Cognitive Services Coverage Reports/insights-for-medical-literature,com.ibm.watson.health.iml.v1.model,GetCorpusConfigOptions,6,21,0,0,1,7,1,3,1,3
IBM Watson Health Cognitive Services Coverage Reports/insights-for-medical-literature,com.ibm.watson.health.iml.v1.model,CorporaConfig,0,6,0,0,0,2,0,2,0,2
IBM Watson Health Cognitive Services Coverage Reports/insights-for-medical-literature,com.ibm.watson.health.iml.v1.model,SearchOptions,6,39,0,0,1,12,1,5,1,5
IBM Watson Health Cognitive Services Coverage Reports/insights-for-medical-literature,com.ibm.watson.health.iml.v1.model,PossibleValues.Builder,11,18,0,0,4,7,1,4,1,4
IBM Watson Health Cognitive Services Coverage Reports/insights-for-medical-literature,com.ibm.watson.health.iml.v1.model,DateHistograms,18,0,0,0,8,0,5,0,5,0
IBM Watson Health Cognitive Services Coverage Reports/insights-for-medical-literature,com.ibm.watson.health.iml.v1.model,TokenizeOptions.Builder,53,34,2,0,17,13,4,7,3,7
IBM Watson Health Cognitive Services Coverage Reports/insights-for-medical-literature,com.ibm.watson.health.iml.v1.model,SearchMatchesModel,0,63,0,0,0,21,0,21,0,21
IBM Watson Health Cognitive Services Coverage Reports/insights-for-medical-literature,com.ibm.watson.health.iml.v1.model,CorpusModel,0,18,0,0,0,6,0,6,0,6
IBM Watson Health Cognitive Services Coverage Reports/insights-for-medical-literature,com.ibm.watson.health.iml.v1.model,SortEntry,17,0,0,0,8,0,5,0,5,0
IBM Watson Health Cognitive Services Coverage Reports/insights-for-medical-literature,com.ibm.watson.health.iml.v1.model,MetadataField,26,0,0,0,12,0,6,0,6,0
IBM Watson Health Cognitive Services Coverage Reports/insights-for-medical-literature,com.ibm.watson.health.iml.v1.model,GetHealthCheckStatusOptions.Builder,11,18,0,0,4,7,1,4,1,4
IBM Watson Health Cognitive Services Coverage Reports/insights-for-medical-literature,com.ibm.watson.health.iml.v1.model,Entry,16,0,0,0,5,0,4,0,4,0
IBM Watson Health Cognitive Services Coverage Reports/insights-for-medical-literature,com.ibm.watson.health.iml.v1.model,GetDocumentInfoOptions.Builder,24,23,0,0,9,9,2,5,2,5
IBM Watson Health Cognitive Services Coverage Reports/insights-for-medical-literature,com.ibm.watson.health.iml.v1.model,Passage,0,15,0,0,0,5,0,5,0,5
IBM Watson Health Cognitive Services Coverage Reports/insights-for-medical-literature,com.ibm.watson.health.iml.v1.model,CorporaConfigModel,6,0,0,0,2,0,2,0,2,0
IBM Watson Health Cognitive Services Coverage Reports/insights-for-medical-literature,com.ibm.watson.health.iml.v1.model,GetDocumentAnnotationsOptions.Builder,53,33,2,0,17,13,4,7,3,7
IBM Watson Health Cognitive Services Coverage Reports/insights-for-medical-literature,com.ibm.watson.health.iml.v1.model,DictonaryEntry,6,94,0,0,1,28,1,14,1,14
IBM Watson Health Cognitive Services Coverage Reports/insights-for-medical-literature,com.ibm.watson.health.iml.v1.model,GetDocumentMultipleCategoriesOptions,6,60,0,0,1,18,1,8,1,8
IBM Watson Health Cognitive Services Coverage Reports/insights-for-medical-literature,com.ibm.watson.health.iml.v1.model,GetConceptsOptions,6,63,0,0,1,19,1,9,1,9
IBM Watson Health Cognitive Services Coverage Reports/insights-for-medical-literature,com.ibm.watson.health.iml.v1.model,GetDocumentsOptions.Builder,13,13,0,0,6,5,2,3,2,3
IBM Watson Health Cognitive Services Coverage Reports/insights-for-medical-literature,com.ibm.watson.health.iml.v1.model,GetDocumentMultipleCategoriesOptions.Builder,45,39,0,0,15,15,3,8,3,8
IBM Watson Health Cognitive Services Coverage Reports/insights-for-medical-literature,com.ibm.watson.health.iml.v1.model,BoolOperand,0,6,0,0,0,2,0,2,0,2
IBM Watson Health Cognitive Services Coverage Reports/insights-for-medical-literature,com.ibm.watson.health.iml.v1.model,Aggregations,11,0,0,0,4,0,3,0,3,0
IBM Watson Health Cognitive Services Coverage Reports/insights-for-medical-literature,com.ibm.watson.health.iml.v1.model,GetHitCountOptions.Builder,24,23,0,0,9,9,2,5,2,5
IBM Watson Health Cognitive Services Coverage Reports/insights-for-medical-literature,com.ibm.watson.health.iml.v1.model,MatchEntry,0,15,0,0,0,5,0,5,0,5
IBM Watson Health Cognitive Services Coverage Reports/insights-for-medical-literature,com.ibm.watson.health.iml.v1.model,GetCuiInfoOptions.Builder,32,33,0,0,11,13,2,7,2,7
IBM Watson Health Cognitive Services Coverage Reports/insights-for-medical-literature,com.ibm.watson.health.iml.v1.model,YearAndHits,9,0,0,0,3,0,3,0,3,0
IBM Watson Health Cognitive Services Coverage Reports/insights-for-medical-literature,com.ibm.watson.health.iml.v1.model,TokenizeOptions,6,50,0,0,1,15,1,6,1,6
IBM Watson Health Cognitive Services Coverage Reports/insights-for-medical-literature,com.ibm.watson.health.iml.v1.model,ConceptInfoModel,0,30,0,0,0,10,0,10,0,10
IBM Watson Health Cognitive Services Coverage Reports/insights-for-medical-literature,com.ibm.watson.health.iml.v1.model,Title,11,0,0,0,4,0,3,0,3,0
IBM Watson Health Cognitive Services Coverage Reports/insights-for-medical-literature,com.ibm.watson.health.iml.v1.model,UmlsRelationshipCountsModel,9,0,0,0,3,0,3,0,3,0
IBM Watson Health Cognitive Services Coverage Reports/insights-for-medical-literature,com.ibm.watson.health.iml.v1.model,GetConceptsOptions.Builder,113,49,8,0,33,19,10,10,6,10
IBM Watson Health Cognitive Services Coverage Reports/insights-for-medical-literature,com.ibm.watson.health.iml.v1.model,GetCuiInfoOptions,6,46,0,0,1,14,1,6,1,6
IBM Watson Health Cognitive Services Coverage Reports/insights-for-medical-literature,com.ibm.watson.health.iml.v1.model,SetCorpusConfigOptions,6,24,0,0,1,8,1,4,1,4
IBM Watson Health Cognitive Services Coverage Reports/insights-for-medical-literature,com.ibm.watson.health.iml.v1.model,StatModel,0,30,0,0,0,10,0,10,0,10
IBM Watson Health Cognitive Services Coverage Reports/insights-for-medical-literature,com.ibm.watson.health.iml.v1.model,GetCorpusConfigOptions.Builder,17,18,0,0,7,7,2,4,2,4
IBM Watson Health Cognitive Services Coverage Reports/insights-for-medical-literature,com.ibm.watson.health.iml.v1.model,Category,31,0,0,0,13,0,9,0,9,0
IBM Watson Health Cognitive Services Coverage Reports/insights-for-medical-literature,com.ibm.watson.health.iml.v1.model,SetCorpusSchemaOptions.Builder,55,28,4,0,16,11,5,6,3,6
IBM Watson Health Cognitive Services Coverage Reports/insights-for-medical-literature,com.ibm.watson.health.iml.v1.model,UnstructuredModel,0,9,0,0,0,3,0,3,0,3
IBM Watson Health Cognitive Services Coverage Reports/insights-for-medical-literature,com.ibm.watson.health.iml.v1.model,GetDocumentAnnotationsOptions,6,50,0,0,1,15,1,6,1,6
IBM Watson Health Cognitive Services Coverage Reports/insights-for-medical-literature,com.ibm.watson.health.iml.v1.model,HitCount,0,6,0,0,0,2,0,2,0,2
IBM Watson Health Cognitive Services Coverage Reports/insights-for-medical-literature,com.ibm.watson.health.iml.v1.model,Types,10,0,0,0,5,0,3,0,3,0
IBM Watson Health Cognitive Services Coverage Reports/insights-for-medical-literature,com.ibm.watson.health.iml.v1.model,UmlsConceptInfoModel,27,0,0,0,9,0,9,0,9,0
IBM Watson Health Cognitive Services Coverage Reports/insights-for-medical-literature,com.ibm.watson.health.iml.v1.model,GetSimilarConceptsOptions.Builder,53,34,2,0,17,13,4,7,3,7
IBM Watson Health Cognitive Services Coverage Reports/insights-for-medical-literature,com.ibm.watson.health.iml.v1.model,DeleteCorpusSchemaOptions.Builder,13,13,0,0,6,5,2,3,2,3
IBM Watson Health Cognitive Services Coverage Reports/insights-for-medical-literature,com.ibm.watson.health.iml.v1.model,EnrichmentTarget,26,0,0,0,12,0,6,0,6,0
IBM Watson Health Cognitive Services Coverage Reports/annotator-for-clinical-data,com.ibm.watson.health.acd.v1.model,AssistanceAnnotation,0,212,0,4,0,33,0,16,0,14
IBM Watson Health Cognitive Services Coverage Reports/annotator-for-clinical-data,com.ibm.watson.health.acd.v1.model,ListAnnotator,0,3,0,0,0,1,0,1,0,1
IBM Watson Health Cognitive Services Coverage Reports/annotator-for-clinical-data,com.ibm.watson.health.acd.v1.model,SymptomDisease.new TypeToken() {...},0,6,0,0,0,1,0,1,0,1
IBM Watson Health Cognitive Services Coverage Reports/annotator-for-clinical-data,com.ibm.watson.health.acd.v1.model,SymptomDisease.new TypeToken() {...},0,6,0,0,0,1,0,1,0,1
IBM Watson Health Cognitive Services Coverage Reports/annotator-for-clinical-data,com.ibm.watson.health.acd.v1.model,SymptomDisease.new TypeToken() {...},0,6,0,0,0,1,0,1,0,1
IBM Watson Health Cognitive Services Coverage Reports/annotator-for-clinical-data,com.ibm.watson.health.acd.v1.model,SymptomDisease.new TypeToken() {...},0,6,0,0,0,1,0,1,0,1
IBM Watson Health Cognitive Services Coverage Reports/annotator-for-clinical-data,com.ibm.watson.health.acd.v1.model,SymptomDisease.new TypeToken() {...},0,6,0,0,0,1,0,1,0,1
IBM Watson Health Cognitive Services Coverage Reports/annotator-for-clinical-data,com.ibm.watson.health.acd.v1.model,SymptomDisease.new TypeToken() {...},0,6,0,0,0,1,0,1,0,1
IBM Watson Health Cognitive Services Coverage Reports/annotator-for-clinical-data,com.ibm.watson.health.acd.v1.model,SymptomDisease.new TypeToken() {...},0,6,0,0,0,1,0,1,0,1
IBM Watson Health Cognitive Services Coverage Reports/annotator-for-clinical-data,com.ibm.watson.health.acd.v1.model,SymptomDisease.new TypeToken() {...},0,6,0,0,0,1,0,1,0,1
IBM Watson Health Cognitive Services Coverage Reports/annotator-for-clinical-data,com.ibm.watson.health.acd.v1.model,MedicationAnnotation.new TypeToken() {...},0,6,0,0,0,1,0,1,0,1
IBM Watson Health Cognitive Services Coverage Reports/annotator-for-clinical-data,com.ibm.watson.health.acd.v1.model,MedicationAnnotation.new TypeToken() {...},0,6,0,0,0,1,0,1,0,1
IBM Watson Health Cognitive Services Coverage Reports/annotator-for-clinical-data,com.ibm.watson.health.acd.v1.model,MedicationAnnotation.new TypeToken() {...},0,6,0,0,0,1,0,1,0,1
IBM Watson Health Cognitive Services Coverage Reports/annotator-for-clinical-data,com.ibm.watson.health.acd.v1.model,MedicationAnnotation.new TypeToken() {...},0,6,0,0,0,1,0,1,0,1
IBM Watson Health Cognitive Services Coverage Reports/annotator-for-clinical-data,com.ibm.watson.health.acd.v1.model,CancerDiagnosis.new TypeToken() {...},0,6,0,0,0,1,0,1,0,1
IBM Watson Health Cognitive Services Coverage Reports/annotator-for-clinical-data,com.ibm.watson.health.acd.v1.model,CancerDiagnosis.new TypeToken() {...},0,6,0,0,0,1,0,1,0,1
IBM Watson Health Cognitive Services Coverage Reports/annotator-for-clinical-data,com.ibm.watson.health.acd.v1.model,CancerDiagnosis.new TypeToken() {...},0,6,0,0,0,1,0,1,0,1
IBM Watson Health Cognitive Services Coverage Reports/annotator-for-clinical-data,com.ibm.watson.health.acd.v1.model,MedicationAnnotation.new TypeToken() {...},0,6,0,0,0,1,0,1,0,1
IBM Watson Health Cognitive Services Coverage Reports/annotator-for-clinical-data,com.ibm.watson.health.acd.v1.model,NluEntity,0,123,0,0,0,17,0,9,0,9
IBM Watson Health Cognitive Services Coverage Reports/annotator-for-clinical-data,com.ibm.watson.health.acd.v1.model,CancerDiagnosis.new TypeToken() {...},0,6,0,0,0,1,0,1,0,1
IBM Watson Health Cognitive Services Coverage Reports/annotator-for-clinical-data,com.ibm.watson.health.acd.v1.model,CancerDiagnosis.new TypeToken() {...},0,6,0,0,0,1,0,1,0,1
IBM Watson Health Cognitive Services Coverage Reports/annotator-for-clinical-data,com.ibm.watson.health.acd.v1.model,CancerDiagnosis.new TypeToken() {...},0,6,0,0,0,1,0,1,0,1
IBM Watson Health Cognitive Services Coverage Reports/annotator-for-clinical-data,com.ibm.watson.health.acd.v1.model,CancerDiagnosis.new TypeToken() {...},0,6,0,0,0,1,0,1,0,1
IBM Watson Health Cognitive Services Coverage Reports/annotator-for-clinical-data,com.ibm.watson.health.acd.v1.model,MedicationAnnotation.new TypeToken() {...},0,6,0,0,0,1,0,1,0,1
IBM Watson Health Cognitive Services Coverage Reports/annotator-for-clinical-data,com.ibm.watson.health.acd.v1.model,CancerDiagnosis.new TypeToken() {...},0,6,0,0,0,1,0,1,0,1
IBM Watson Health Cognitive Services Coverage Reports/annotator-for-clinical-data,com.ibm.watson.health.acd.v1.model,MedicationAnnotation.new TypeToken() {...},0,6,0,0,0,1,0,1,0,1
IBM Watson Health Cognitive Services Coverage Reports/annotator-for-clinical-data,com.ibm.watson.health.acd.v1.model,MedicationAnnotation.new TypeToken() {...},0,6,0,0,0,1,0,1,0,1
IBM Watson Health Cognitive Services Coverage Reports/annotator-for-clinical-data,com.ibm.watson.health.acd.v1.model,CancerDiagnosis.new TypeToken() {...},0,6,0,0,0,1,0,1,0,1
IBM Watson Health Cognitive Services Coverage Reports/annotator-for-clinical-data,com.ibm.watson.health.acd.v1.model,MedicationAnnotation.new TypeToken() {...},0,6,0,0,0,1,0,1,0,1
IBM Watson Health Cognitive Services Coverage Reports/annotator-for-clinical-data,com.ibm.watson.health.acd.v1.model,RelationNode.new TypeToken() {...},0,6,0,0,0,1,0,1,0,1
IBM Watson Health Cognitive Services Coverage Reports/annotator-for-clinical-data,com.ibm.watson.health.acd.v1.model,Annotation.new TypeToken() {...},0,6,0,0,0,1,0,1,0,1
IBM Watson Health Cognitive Services Coverage Reports/annotator-for-clinical-data,com.ibm.watson.health.acd.v1.model,Annotation.new TypeToken() {...},0,6,0,0,0,1,0,1,0,1
IBM Watson Health Cognitive Services Coverage Reports/annotator-for-clinical-data,com.ibm.watson.health.acd.v1.model,ContainerGroup,22,809,0,0,6,131,3,64,3,64
IBM Watson Health Cognitive Services Coverage Reports/annotator-for-clinical-data,com.ibm.watson.health.acd.v1.model,Annotation.new TypeToken() {...},0,6,0,0,0,1,0,1,0,1
IBM Watson Health Cognitive Services Coverage Reports/annotator-for-clinical-data,com.ibm.watson.health.acd.v1.model,Annotation.new TypeToken() {...},0,6,0,0,0,1,0,1,0,1
IBM Watson Health Cognitive Services Coverage Reports/annotator-for-clinical-data,com.ibm.watson.health.acd.v1.model,Suggestion,0,63,0,0,0,9,0,5,0,5
IBM Watson Health Cognitive Services Coverage Reports/annotator-for-clinical-data,com.ibm.watson.health.acd.v1.model,AttributeValueAnnotation.new TypeToken() {...},0,6,0,0,0,1,0,1,0,1
IBM Watson Health Cognitive Services Coverage Reports/annotator-for-clinical-data,com.ibm.watson.health.acd.v1.model,AttributeValueAnnotation.new TypeToken() {...},0,6,0,0,0,1,0,1,0,1
IBM Watson Health Cognitive Services Coverage Reports/annotator-for-clinical-data,com.ibm.watson.health.acd.v1.model,Annotation.new TypeToken() {...},0,6,0,0,0,1,0,1,0,1
IBM Watson Health Cognitive Services Coverage Reports/annotator-for-clinical-data,com.ibm.watson.health.acd.v1.model,Annotation.new TypeToken() {...},0,6,0,0,0,1,0,1,0,1
IBM Watson Health Cognitive Services Coverage Reports/annotator-for-clinical-data,com.ibm.watson.health.acd.v1.model,AttributeValueAnnotation.new TypeToken() {...},0,6,0,0,0,1,0,1,0,1
IBM Watson Health Cognitive Services Coverage Reports/annotator-for-clinical-data,com.ibm.watson.health.acd.v1.model,AttributeValueAnnotation.new TypeToken() {...},0,6,0,0,0,1,0,1,0,1
IBM Watson Health Cognitive Services Coverage Reports/annotator-for-clinical-data,com.ibm.watson.health.acd.v1.model,AttributeValueAnnotation.new TypeToken() {...},0,6,0,0,0,1,0,1,0,1
IBM Watson Health Cognitive Services Coverage Reports/annotator-for-clinical-data,com.ibm.watson.health.acd.v1.model,SymptomDisease.new TypeToken() {...},0,6,0,0,0,1,0,1,0,1
IBM Watson Health Cognitive Services Coverage Reports/annotator-for-clinical-data,com.ibm.watson.health.acd.v1.model,AttributeValueAnnotation.new TypeToken() {...},0,6,0,0,0,1,0,1,0,1
IBM Watson Health Cognitive Services Coverage Reports/annotator-for-clinical-data,com.ibm.watson.health.acd.v1.model,AttributeValueAnnotation.new TypeToken() {...},0,6,0,0,0,1,0,1,0,1
IBM Watson Health Cognitive Services Coverage Reports/annotator-for-clinical-data,com.ibm.watson.health.acd.v1.model,AttributeValueAnnotation.new TypeToken() {...},0,6,0,0,0,1,0,1,0,1
IBM Watson Health Cognitive Services Coverage Reports/annotator-for-clinical-data,com.ibm.watson.health.acd.v1.model,AttributeValueAnnotation.new TypeToken() {...},0,6,0,0,0,1,0,1,0,1
IBM Watson Health Cognitive Services Coverage Reports/annotator-for-clinical-data,com.ibm.watson.health.acd.v1.model,AttributeValueAnnotation.new TypeToken() {...},0,6,0,0,0,1,0,1,0,1
IBM Watson Health Cognitive Services Coverage Reports/annotator-for-clinical-data,com.ibm.watson.health.acd.v1.model,GetProfilesOptions.Builder,0,12,0,0,0,5,0,3,0,3
IBM Watson Health Cognitive Services Coverage Reports/annotator-for-clinical-data,com.ibm.watson.health.acd.v1.model,RequestContainer,12,11,0,0,3,4,3,1,3,1
IBM Watson Health Cognitive Services Coverage Reports/annotator-for-clinical-data,com.ibm.watson.health.acd.v1.model,AttributeValueAnnotation.new TypeToken() {...},0,6,0,0,0,1,0,1,0,1
IBM Watson Health Cognitive Services Coverage Reports/annotator-for-clinical-data,com.ibm.watson.health.acd.v1.model,AttributeValueAnnotation.new TypeToken() {...},0,6,0,0,0,1,0,1,0,1
IBM Watson Health Cognitive Services Coverage Reports/annotator-for-clinical-data,com.ibm.watson.health.acd.v1.model,AttributeValueAnnotation.new TypeToken() {...},0,6,0,0,0,1,0,1,0,1
IBM Watson Health Cognitive Services Coverage Reports/annotator-for-clinical-data,com.ibm.watson.health.acd.v1.model,AttributeValueAnnotation.new TypeToken() {...},0,6,0,0,0,1,0,1,0,1
IBM Watson Health Cognitive Services Coverage Reports/annotator-for-clinical-data,com.ibm.watson.health.acd.v1.model,AttributeValueAnnotation.new TypeToken() {...},0,6,0,0,0,1,0,1,0,1
IBM Watson Health Cognitive Services Coverage Reports/annotator-for-clinical-data,com.ibm.watson.health.acd.v1.model,AttributeValueAnnotation.new TypeToken() {...},0,6,0,0,0,1,0,1,0,1
IBM Watson Health Cognitive Services Coverage Reports/annotator-for-clinical-data,com.ibm.watson.health.acd.v1.model,Annotator.Builder,75,14,2,0,26,5,9,3,8,3
IBM Watson Health Cognitive Services Coverage Reports/annotator-for-clinical-data,com.ibm.watson.health.acd.v1.model,Flow,3,24,0,0,1,7,1,3,1,3
IBM Watson Health Cognitive Services Coverage Reports/annotator-for-clinical-data,com.ibm.watson.health.acd.v1.model,AttributeValueAnnotation.new TypeToken() {...},0,6,0,0,0,1,0,1,0,1
IBM Watson Health Cognitive Services Coverage Reports/annotator-for-clinical-data,com.ibm.watson.health.acd.v1.model,AttributeValueAnnotation.new TypeToken() {...},0,6,0,0,0,1,0,1,0,1
IBM Watson Health Cognitive Services Coverage Reports/annotator-for-clinical-data,com.ibm.watson.health.acd.v1.model,AttributeValueAnnotation.new TypeToken() {...},0,6,0,0,0,1,0,1,0,1
IBM Watson Health Cognitive Services Coverage Reports/annotator-for-clinical-data,com.ibm.watson.health.acd.v1.model,AttributeValueAnnotation.new TypeToken() {...},0,6,0,0,0,1,0,1,0,1
IBM Watson Health Cognitive Services Coverage Reports/annotator-for-clinical-data,com.ibm.watson.health.acd.v1.model,AttributeValueAnnotation.new TypeToken() {...},0,6,0,0,0,1,0,1,0,1
IBM Watson Health Cognitive Services Coverage Reports/annotator-for-clinical-data,com.ibm.watson.health.acd.v1.model,AttributeValueAnnotation.new TypeToken() {...},0,6,0,0,0,1,0,1,0,1
IBM Watson Health Cognitive Services Coverage Reports/annotator-for-clinical-data,com.ibm.watson.health.acd.v1.model,AttributeValueAnnotation.new TypeToken() {...},0,6,0,0,0,1,0,1,0,1
IBM Watson Health Cognitive Services Coverage Reports/annotator-for-clinical-data,com.ibm.watson.health.acd.v1.model,AttributeValueAnnotation.new TypeToken() {...},0,6,0,0,0,1,0,1,0,1
IBM Watson Health Cognitive Services Coverage Reports/annotator-for-clinical-data,com.ibm.watson.health.acd.v1.model,AssistanceAnnotation.new TypeToken() {...},0,6,0,0,0,1,0,1,0,1
IBM Watson Health Cognitive Services Coverage Reports/annotator-for-clinical-data,com.ibm.watson.health.acd.v1.model,AssistanceAnnotation.new TypeToken() {...},0,6,0,0,0,1,0,1,0,1
IBM Watson Health Cognitive Services Coverage Reports/annotator-for-clinical-data,com.ibm.watson.health.acd.v1.model,UnstructuredContainer,46,335,0,0,10,65,10,58,10,58
IBM Watson Health Cognitive Services Coverage Reports/annotator-for-clinical-data,com.ibm.watson.health.acd.v1.model,AssistanceAnnotation.new TypeToken() {...},0,6,0,0,0,1,0,1,0,1
IBM Watson Health Cognitive Services Coverage Reports/annotator-for-clinical-data,com.ibm.watson.health.acd.v1.model,AssistanceAnnotation.new TypeToken() {...},0,6,0,0,0,1,0,1,0,1
IBM Watson Health Cognitive Services Coverage Reports/annotator-for-clinical-data,com.ibm.watson.health.acd.v1.model,AttributeValueAnnotation.new TypeToken() {...},0,6,0,0,0,1,0,1,0,1
IBM Watson Health Cognitive Services Coverage Reports/annotator-for-clinical-data,com.ibm.watson.health.acd.v1.model,SectionTrigger,0,21,0,0,0,7,0,7,0,7
IBM Watson Health Cognitive Services Coverage Reports/annotator-for-clinical-data,com.ibm.watson.health.acd.v1.model,AttributeValueAnnotation.new TypeToken() {...},0,6,0,0,0,1,0,1,0,1
IBM Watson Health Cognitive Services Coverage Reports/annotator-for-clinical-data,com.ibm.watson.health.acd.v1.model,GetFlowOptions,0,20,0,0,0,6,0,3,0,3
IBM Watson Health Cognitive Services Coverage Reports/annotator-for-clinical-data,com.ibm.watson.health.acd.v1.model,GetAnnotatorOptions,0,20,0,0,0,6,0,3,0,3
IBM Watson Health Cognitive Services Coverage Reports/annotator-for-clinical-data,com.ibm.watson.health.acd.v1.model,LabValueAnnotation.new TypeToken() {...},0,6,0,0,0,1,0,1,0,1
IBM Watson Health Cognitive Services Coverage Reports/annotator-for-clinical-data,com.ibm.watson.health.acd.v1.model,Smoking.new TypeToken() {...},0,6,0,0,0,1,0,1,0,1
IBM Watson Health Cognitive Services Coverage Reports/annotator-for-clinical-data,com.ibm.watson.health.acd.v1.model,Smoking.new TypeToken() {...},0,6,0,0,0,1,0,1,0,1
IBM Watson Health Cognitive Services Coverage Reports/annotator-for-clinical-data,com.ibm.watson.health.acd.v1.model,Concept.new TypeToken() {...},0,6,0,0,0,1,0,1,0,1
IBM Watson Health Cognitive Services Coverage Reports/annotator-for-clinical-data,com.ibm.watson.health.acd.v1.model,Concept.new TypeToken() {...},0,6,0,0,0,1,0,1,0,1
IBM Watson Health Cognitive Services Coverage Reports/annotator-for-clinical-data,com.ibm.watson.health.acd.v1.model,Smoking.new TypeToken() {...},0,6,0,0,0,1,0,1,0,1
IBM Watson Health Cognitive Services Coverage Reports/annotator-for-clinical-data,com.ibm.watson.health.acd.v1.model,Concept.new TypeToken() {...},0,6,0,0,0,1,0,1,0,1
IBM Watson Health Cognitive Services Coverage Reports/annotator-for-clinical-data,com.ibm.watson.health.acd.v1.model,Smoking.new TypeToken() {...},0,6,0,0,0,1,0,1,0,1
IBM Watson Health Cognitive Services Coverage Reports/annotator-for-clinical-data,com.ibm.watson.health.acd.v1.model,Smoking.new TypeToken() {...},0,6,0,0,0,1,0,1,0,1
IBM Watson Health Cognitive Services Coverage Reports/annotator-for-clinical-data,com.ibm.watson.health.acd.v1.model,Smoking.new TypeToken() {...},0,6,0,0,0,1,0,1,0,1
IBM Watson Health Cognitive Services Coverage Reports/annotator-for-clinical-data,com.ibm.watson.health.acd.v1.model,Flow.Builder,0,48,1,1,0,16,1,6,0,6
IBM Watson Health Cognitive Services Coverage Reports/annotator-for-clinical-data,com.ibm.watson.health.acd.v1.model,AnalyzeWithFlowOptions.Builder,0,78,0,0,0,26,0,9,0,9
IBM Watson Health Cognitive Services Coverage Reports/annotator-for-clinical-data,com.ibm.watson.health.acd.v1.model,Procedure,0,257,1,3,0,39,1,18,0,17
IBM Watson Health Cognitive Services Coverage Reports/annotator-for-clinical-data,com.ibm.watson.health.acd.v1.model,SpellCorrectedText.new TypeToken() {...},0,6,0,0,0,1,0,1,0,1
IBM Watson Health Cognitive Services Coverage Reports/annotator-for-clinical-data,com.ibm.watson.health.acd.v1.model,Annotator,9,46,0,0,2,14,2,6,2,6
IBM Watson Health Cognitive Services Coverage Reports/annotator-for-clinical-data,com.ibm.watson.health.acd.v1.model,SpellCorrectedText.new TypeToken() {...},0,6,0,0,0,1,0,1,0,1
IBM Watson Health Cognitive Services Coverage Reports/annotator-for-clinical-data,com.ibm.watson.health.acd.v1.model,Smoking.new TypeToken() {...},0,6,0,0,0,1,0,1,0,1
IBM Watson Health Cognitive Services Coverage Reports/annotator-for-clinical-data,com.ibm.watson.health.acd.v1.model,Smoking.new TypeToken() {...},0,6,0,0,0,1,0,1,0,1
IBM Watson Health Cognitive Services Coverage Reports/annotator-for-clinical-data,com.ibm.watson.health.acd.v1.model,Smoking.new TypeToken() {...},0,6,0,0,0,1,0,1,0,1
IBM Watson Health Cognitive Services Coverage Reports/annotator-for-clinical-data,com.ibm.watson.health.acd.v1.model,Smoking.new TypeToken() {...},0,6,0,0,0,1,0,1,0,1
IBM Watson Health Cognitive Services Coverage Reports/annotator-for-clinical-data,com.ibm.watson.health.acd.v1.model,Smoking.new TypeToken() {...},0,6,0,0,0,1,0,1,0,1
IBM Watson Health Cognitive Services Coverage Reports/annotator-for-clinical-data,com.ibm.watson.health.acd.v1.model,Smoking.new TypeToken() {...},0,6,0,0,0,1,0,1,0,1
IBM Watson Health Cognitive Services Coverage Reports/annotator-for-clinical-data,com.ibm.watson.health.acd.v1.model,Smoking.new TypeToken() {...},0,6,0,0,0,1,0,1,0,1
IBM Watson Health Cognitive Services Coverage Reports/annotator-for-clinical-data,com.ibm.watson.health.acd.v1.model,Smoking.new TypeToken() {...},0,6,0,0,0,1,0,1,0,1
IBM Watson Health Cognitive Services Coverage Reports/annotator-for-clinical-data,com.ibm.watson.health.acd.v1.model,Smoking.new TypeToken() {...},0,6,0,0,0,1,0,1,0,1
IBM Watson Health Cognitive Services Coverage Reports/annotator-for-clinical-data,com.ibm.watson.health.acd.v1.model,MedicationAnnotation,108,177,0,0,30,26,15,11,15,11
IBM Watson Health Cognitive Services Coverage Reports/annotator-for-clinical-data,com.ibm.watson.health.acd.v1.model,AnalyzeWithFlowOptions,1,55,1,1,0,15,1,7,0,7
IBM Watson Health Cognitive Services Coverage Reports/annotator-for-clinical-data,com.ibm.watson.health.acd.v1.model,EjectionFractionAnnotation.new TypeToken() {...},0,6,0,0,0,1,0,1,0,1
IBM Watson Health Cognitive Services Coverage Reports/annotator-for-clinical-data,com.ibm.watson.health.acd.v1.model,GetProfileOptions.Builder,0,27,0,0,0,11,0,5,0,5
IBM Watson Health Cognitive Services Coverage Reports/annotator-for-clinical-data,com.ibm.watson.health.acd.v1.model,EjectionFractionAnnotation.new TypeToken() {...},0,6,0,0,0,1,0,1,0,1
IBM Watson Health Cognitive Services Coverage Reports/annotator-for-clinical-data,com.ibm.watson.health.acd.v1.model,EjectionFractionAnnotation,38,264,4,0,9,36,5,17,3,17
IBM Watson Health Cognitive Services Coverage Reports/annotator-for-clinical-data,com.ibm.watson.health.acd.v1.model,EjectionFractionAnnotation.new TypeToken() {...},0,6,0,0,0,1,0,1,0,1
IBM Watson Health Cognitive Services Coverage Reports/annotator-for-clinical-data,com.ibm.watson.health.acd.v1.model,EjectionFractionAnnotation.new TypeToken() {...},0,6,0,0,0,1,0,1,0,1
IBM Watson Health Cognitive Services Coverage Reports/annotator-for-clinical-data,com.ibm.watson.health.acd.v1.model,EjectionFractionAnnotation.new TypeToken() {...},0,6,0,0,0,1,0,1,0,1
IBM Watson Health Cognitive Services Coverage Reports/annotator-for-clinical-data,com.ibm.watson.health.acd.v1.model,EjectionFractionAnnotation.new TypeToken() {...},0,6,0,0,0,1,0,1,0,1
IBM Watson Health Cognitive Services Coverage Reports/annotator-for-clinical-data,com.ibm.watson.health.acd.v1.model,NluEntity.new TypeToken() {...},0,6,0,0,0,1,0,1,0,1
IBM Watson Health Cognitive Services Coverage Reports/annotator-for-clinical-data,com.ibm.watson.health.acd.v1.model,NluEntity.new TypeToken() {...},0,6,0,0,0,1,0,1,0,1
IBM Watson Health Cognitive Services Coverage Reports/annotator-for-clinical-data,com.ibm.watson.health.acd.v1.model,AssistanceAnnotation.new TypeToken() {...},0,6,0,0,0,1,0,1,0,1
IBM Watson Health Cognitive Services Coverage Reports/annotator-for-clinical-data,com.ibm.watson.health.acd.v1.model,NluEntity.new TypeToken() {...},0,6,0,0,0,1,0,1,0,1
IBM Watson Health Cognitive Services Coverage Reports/annotator-for-clinical-data,com.ibm.watson.health.acd.v1.model,AssistanceAnnotation.new TypeToken() {...},0,6,0,0,0,1,0,1,0,1
IBM Watson Health Cognitive Services Coverage Reports/annotator-for-clinical-data,com.ibm.watson.health.acd.v1.model,NluEntity.new TypeToken() {...},0,6,0,0,0,1,0,1,0,1
IBM Watson Health Cognitive Services Coverage Reports/annotator-for-clinical-data,com.ibm.watson.health.acd.v1.model,AssistanceAnnotation.new TypeToken() {...},0,6,0,0,0,1,0,1,0,1
IBM Watson Health Cognitive Services Coverage Reports/annotator-for-clinical-data,com.ibm.watson.health.acd.v1.model,NluEntity.new TypeToken() {...},0,6,0,0,0,1,0,1,0,1
IBM Watson Health Cognitive Services Coverage Reports/annotator-for-clinical-data,com.ibm.watson.health.acd.v1.model,NluEntity.new TypeToken() {...},0,6,0,0,0,1,0,1,0,1
IBM Watson Health Cognitive Services Coverage Reports/annotator-for-clinical-data,com.ibm.watson.health.acd.v1.model,AssistanceAnnotation.new TypeToken() {...},0,6,0,0,0,1,0,1,0,1
IBM Watson Health Cognitive Services Coverage Reports/annotator-for-clinical-data,com.ibm.watson.health.acd.v1.model,AssistanceAnnotation.new TypeToken() {...},0,6,0,0,0,1,0,1,0,1
IBM Watson Health Cognitive Services Coverage Reports/annotator-for-clinical-data,com.ibm.watson.health.acd.v1.model,NluEntity.new TypeToken() {...},0,6,0,0,0,1,0,1,0,1
IBM Watson Health Cognitive Services Coverage Reports/annotator-for-clinical-data,com.ibm.watson.health.acd.v1.model,AssistanceAnnotation.new TypeToken() {...},0,6,0,0,0,1,0,1,0,1
IBM Watson Health Cognitive Services Coverage Reports/annotator-for-clinical-data,com.ibm.watson.health.acd.v1.model,Concept.new TypeToken() {...},0,6,0,0,0,1,0,1,0,1
IBM Watson Health Cognitive Services Coverage Reports/annotator-for-clinical-data,com.ibm.watson.health.acd.v1.model,Concept.new TypeToken() {...},0,6,0,0,0,1,0,1,0,1
IBM Watson Health Cognitive Services Coverage Reports/annotator-for-clinical-data,com.ibm.watson.health.acd.v1.model,NluEntity.new TypeToken() {...},0,6,0,0,0,1,0,1,0,1
IBM Watson Health Cognitive Services Coverage Reports/annotator-for-clinical-data,com.ibm.watson.health.acd.v1.model,AssistanceAnnotation.new TypeToken() {...},0,6,0,0,0,1,0,1,0,1
IBM Watson Health Cognitive Services Coverage Reports/annotator-for-clinical-data,com.ibm.watson.health.acd.v1.model,AnnotatorFlow,3,23,0,0,1,8,1,4,1,4
IBM Watson Health Cognitive Services Coverage Reports/annotator-for-clinical-data,com.ibm.watson.health.acd.v1.model,Concept.new TypeToken() {...},0,6,0,0,0,1,0,1,0,1
IBM Watson Health Cognitive Services Coverage Reports/annotator-for-clinical-data,com.ibm.watson.health.acd.v1.model,AssistanceAnnotation.new TypeToken() {...},0,6,0,0,0,1,0,1,0,1
IBM Watson Health Cognitive Services Coverage Reports/annotator-for-clinical-data,com.ibm.watson.health.acd.v1.model,Concept.new TypeToken() {...},0,6,0,0,0,1,0,1,0,1
IBM Watson Health Cognitive Services Coverage Reports/annotator-for-clinical-data,com.ibm.watson.health.acd.v1.model,AssistanceAnnotation.new TypeToken() {...},0,6,0,0,0,1,0,1,0,1
IBM Watson Health Cognitive Services Coverage Reports/annotator-for-clinical-data,com.ibm.watson.health.acd.v1.model,GetHealthCheckOptions.Builder,0,12,0,0,0,5,0,3,0,3
IBM Watson Health Cognitive Services Coverage Reports/annotator-for-clinical-data,com.ibm.watson.health.acd.v1.model,Concept.new TypeToken() {...},0,6,0,0,0,1,0,1,0,1
IBM Watson Health Cognitive Services Coverage Reports/annotator-for-clinical-data,com.ibm.watson.health.acd.v1.model,Concept.new TypeToken() {...},0,6,0,0,0,1,0,1,0,1
IBM Watson Health Cognitive Services Coverage Reports/annotator-for-clinical-data,com.ibm.watson.health.acd.v1.model,EjectionFractionAnnotation.new TypeToken() {...},0,6,0,0,0,1,0,1,0,1
IBM Watson Health Cognitive Services Coverage Reports/annotator-for-clinical-data,com.ibm.watson.health.acd.v1.model,LabValueAnnotation.new TypeToken() {...},0,6,0,0,0,1,0,1,0,1
IBM Watson Health Cognitive Services Coverage Reports/annotator-for-clinical-data,com.ibm.watson.health.acd.v1.model,LabValueAnnotation.new TypeToken() {...},0,6,0,0,0,1,0,1,0,1
IBM Watson Health Cognitive Services Coverage Reports/annotator-for-clinical-data,com.ibm.watson.health.acd.v1.model,EjectionFractionAnnotation.new TypeToken() {...},0,6,0,0,0,1,0,1,0,1
IBM Watson Health Cognitive Services Coverage Reports/annotator-for-clinical-data,com.ibm.watson.health.acd.v1.model,LabValueAnnotation.new TypeToken() {...},0,6,0,0,0,1,0,1,0,1
IBM Watson Health Cognitive Services Coverage Reports/annotator-for-clinical-data,com.ibm.watson.health.acd.v1.model,EjectionFractionAnnotation.new TypeToken() {...},0,6,0,0,0,1,0,1,0,1
IBM Watson Health Cognitive Services Coverage Reports/annotator-for-clinical-data,com.ibm.watson.health.acd.v1.model,LabValueAnnotation.new TypeToken() {...},0,6,0,0,0,1,0,1,0,1
IBM Watson Health Cognitive Services Coverage Reports/annotator-for-clinical-data,com.ibm.watson.health.acd.v1.model,LabValueAnnotation.new TypeToken() {...},0,6,0,0,0,1,0,1,0,1
IBM Watson Health Cognitive Services Coverage Reports/annotator-for-clinical-data,com.ibm.watson.health.acd.v1.model,LabValueAnnotation.new TypeToken() {...},0,6,0,0,0,1,0,1,0,1
IBM Watson Health Cognitive Services Coverage Reports/annotator-for-clinical-data,com.ibm.watson.health.acd.v1.model,LabValueAnnotation.new TypeToken() {...},0,6,0,0,0,1,0,1,0,1
IBM Watson Health Cognitive Services Coverage Reports/annotator-for-clinical-data,com.ibm.watson.health.acd.v1.model,LabValueAnnotation.new TypeToken() {...},0,6,0,0,0,1,0,1,0,1
IBM Watson Health Cognitive Services Coverage Reports/annotator-for-clinical-data,com.ibm.watson.health.acd.v1.model,SectionAnnotation,0,93,0,0,0,13,0,7,0,7
IBM Watson Health Cognitive Services Coverage Reports/annotator-for-clinical-data,com.ibm.watson.health.acd.v1.model,FlowEntry,6,17,0,0,2,5,2,2,2,2
IBM Watson Health Cognitive Services Coverage Reports/annotator-for-clinical-data,com.ibm.watson.health.acd.v1.model,Reference.new TypeToken() {...},0,6,0,0,0,1,0,1,0,1
IBM Watson Health Cognitive Services Coverage Reports/annotator-for-clinical-data,com.ibm.watson.health.acd.v1.model,EjectionFractionAnnotation.new TypeToken() {...},0,6,0,0,0,1,0,1,0,1
IBM Watson Health Cognitive Services Coverage Reports/annotator-for-clinical-data,com.ibm.watson.health.acd.v1.model,EjectionFractionAnnotation.new TypeToken() {...},0,6,0,0,0,1,0,1,0,1
IBM Watson Health Cognitive Services Coverage Reports/annotator-for-clinical-data,com.ibm.watson.health.acd.v1.model,NegatedSpan.new TypeToken() {...},0,6,0,0,0,1,0,1,0,1
IBM Watson Health Cognitive Services Coverage Reports/annotator-for-clinical-data,com.ibm.watson.health.acd.v1.model,NegatedSpan.new TypeToken() {...},0,6,0,0,0,1,0,1,0,1
IBM Watson Health Cognitive Services Coverage Reports/annotator-for-clinical-data,com.ibm.watson.health.acd.v1.model,EjectionFractionAnnotation.new TypeToken() {...},0,6,0,0,0,1,0,1,0,1
IBM Watson Health Cognitive Services Coverage Reports/annotator-for-clinical-data,com.ibm.watson.health.acd.v1.model,NegatedSpan.new TypeToken() {...},0,6,0,0,0,1,0,1,0,1
IBM Watson Health Cognitive Services Coverage Reports/annotator-for-clinical-data,com.ibm.watson.health.acd.v1.model,EjectionFractionAnnotation.new TypeToken() {...},0,6,0,0,0,1,0,1,0,1
IBM Watson Health Cognitive Services Coverage Reports/annotator-for-clinical-data,com.ibm.watson.health.acd.v1.model,NegatedSpan.new TypeToken() {...},0,6,0,0,0,1,0,1,0,1
IBM Watson Health Cognitive Services Coverage Reports/annotator-for-clinical-data,com.ibm.watson.health.acd.v1.model,EjectionFractionAnnotation.new TypeToken() {...},0,6,0,0,0,1,0,1,0,1
IBM Watson Health Cognitive Services Coverage Reports/annotator-for-clinical-data,com.ibm.watson.health.acd.v1.model,NegatedSpan.new TypeToken() {...},0,6,0,0,0,1,0,1,0,1
IBM Watson Health Cognitive Services Coverage Reports/annotator-for-clinical-data,com.ibm.watson.health.acd.v1.model,NegatedSpan.new TypeToken() {...},0,6,0,0,0,1,0,1,0,1
IBM Watson Health Cognitive Services Coverage Reports/annotator-for-clinical-data,com.ibm.watson.health.acd.v1.model,NegatedSpan.new TypeToken() {...},0,6,0,0,0,1,0,1,0,1
IBM Watson Health Cognitive Services Coverage Reports/annotator-for-clinical-data,com.ibm.watson.health.acd.v1.model,NegatedSpan.new TypeToken() {...},0,6,0,0,0,1,0,1,0,1
IBM Watson Health Cognitive Services Coverage Reports/annotator-for-clinical-data,com.ibm.watson.health.acd.v1.model,Procedure.new TypeToken() {...},0,6,0,0,0,1,0,1,0,1
IBM Watson Health Cognitive Services Coverage Reports/annotator-for-clinical-data,com.ibm.watson.health.acd.v1.model,Procedure.new TypeToken() {...},0,6,0,0,0,1,0,1,0,1
IBM Watson Health Cognitive Services Coverage Reports/annotator-for-clinical-data,com.ibm.watson.health.acd.v1.model,NegatedSpan.new TypeToken() {...},0,6,0,0,0,1,0,1,0,1
IBM Watson Health Cognitive Services Coverage Reports/annotator-for-clinical-data,com.ibm.watson.health.acd.v1.model,UnstructuredContainer.Builder,53,14,0,0,18,5,6,3,6,3
IBM Watson Health Cognitive Services Coverage Reports/annotator-for-clinical-data,com.ibm.watson.health.acd.v1.model,Procedure.new TypeToken() {...},0,6,0,0,0,1,0,1,0,1
IBM Watson Health Cognitive Services Coverage Reports/annotator-for-clinical-data,com.ibm.watson.health.acd.v1.model,AnalyzeOptions,0,30,0,0,0,9,0,5,0,5
IBM Watson Health Cognitive Services Coverage Reports/annotator-for-clinical-data,com.ibm.watson.health.acd.v1.model,EjectionFractionAnnotation.new TypeToken() {...},0,6,0,0,0,1,0,1,0,1
IBM Watson Health Cognitive Services Coverage Reports/annotator-for-clinical-data,com.ibm.watson.health.acd.v1.model,EjectionFractionAnnotation.new TypeToken() {...},0,6,0,0,0,1,0,1,0,1
IBM Watson Health Cognitive Services Coverage Reports/annotator-for-clinical-data,com.ibm.watson.health.acd.v1.model,Procedure.new TypeToken() {...},0,6,0,0,0,1,0,1,0,1
IBM Watson Health Cognitive Services Coverage Reports/annotator-for-clinical-data,com.ibm.watson.health.acd.v1.model,Procedure.new TypeToken() {...},0,6,0,0,0,1,0,1,0,1
IBM Watson Health Cognitive Services Coverage Reports/annotator-for-clinical-data,com.ibm.watson.health.acd.v1.model,EjectionFractionAnnotation.new TypeToken() {...},0,6,0,0,0,1,0,1,0,1
IBM Watson Health Cognitive Services Coverage Reports/annotator-for-clinical-data,com.ibm.watson.health.acd.v1.model,Procedure.new TypeToken() {...},0,6,0,0,0,1,0,1,0,1
IBM Watson Health Cognitive Services Coverage Reports/annotator-for-clinical-data,com.ibm.watson.health.acd.v1.model,EjectionFractionAnnotation.new TypeToken() {...},0,6,0,0,0,1,0,1,0,1
IBM Watson Health Cognitive Services Coverage Reports/annotator-for-clinical-data,com.ibm.watson.health.acd.v1.model,EjectionFractionAnnotation.new TypeToken() {...},0,6,0,0,0,1,0,1,0,1
IBM Watson Health Cognitive Services Coverage Reports/annotator-for-clinical-data,com.ibm.watson.health.acd.v1.model,Procedure.new TypeToken() {...},0,6,0,0,0,1,0,1,0,1
IBM Watson Health Cognitive Services Coverage Reports/annotator-for-clinical-data,com.ibm.watson.health.acd.v1.model,LabValueAnnotation.new TypeToken() {...},0,6,0,0,0,1,0,1,0,1
IBM Watson Health Cognitive Services Coverage Reports/annotator-for-clinical-data,com.ibm.watson.health.acd.v1.model,LabValueAnnotation.new TypeToken() {...},0,6,0,0,0,1,0,1,0,1
IBM Watson Health Cognitive Services Coverage Reports/annotator-for-clinical-data,com.ibm.watson.health.acd.v1.model,LabValueAnnotation.new TypeToken() {...},0,6,0,0,0,1,0,1,0,1
IBM Watson Health Cognitive Services Coverage Reports/annotator-for-clinical-data,com.ibm.watson.health.acd.v1.model,LabValueAnnotation.new TypeToken() {...},0,6,0,0,0,1,0,1,0,1
IBM Watson Health Cognitive Services Coverage Reports/annotator-for-clinical-data,com.ibm.watson.health.acd.v1.model,ListStringWrapper,7,3,0,0,3,1,2,1,2,1
IBM Watson Health Cognitive Services Coverage Reports/annotator-for-clinical-data,com.ibm.watson.health.acd.v1.model,LabValueAnnotation.new TypeToken() {...},0,6,0,0,0,1,0,1,0,1
IBM Watson Health Cognitive Services Coverage Reports/annotator-for-clinical-data,com.ibm.watson.health.acd.v1.model,LabValueAnnotation.new TypeToken() {...},0,6,0,0,0,1,0,1,0,1
IBM Watson Health Cognitive Services Coverage Reports/annotator-for-clinical-data,com.ibm.watson.health.acd.v1.model,LabValueAnnotation.new TypeToken() {...},0,6,0,0,0,1,0,1,0,1
IBM Watson Health Cognitive Services Coverage Reports/annotator-for-clinical-data,com.ibm.watson.health.acd.v1.model,RelationNode,0,18,0,0,0,3,0,2,0,2
IBM Watson Health Cognitive Services Coverage Reports/annotator-for-clinical-data,com.ibm.watson.health.acd.v1.model,CancerDiagnosis.new TypeToken() {...},0,6,0,0,0,1,0,1,0,1
IBM Watson Health Cognitive Services Coverage Reports/annotator-for-clinical-data,com.ibm.watson.health.acd.v1.model,AttributeValueAnnotation,170,423,4,0,50,68,23,33,21,33
IBM Watson Health Cognitive Services Coverage Reports/annotator-for-clinical-data,com.ibm.watson.health.acd.v1.model,CancerDiagnosis.new TypeToken() {...},0,6,0,0,0,1,0,1,0,1
IBM Watson Health Cognitive Services Coverage Reports/annotator-for-clinical-data,com.ibm.watson.health.acd.v1.model,CancerDiagnosis.new TypeToken() {...},0,6,0,0,0,1,0,1,0,1
IBM Watson Health Cognitive Services Coverage Reports/annotator-for-clinical-data,com.ibm.watson.health.acd.v1.model,CancerDiagnosis.new TypeToken() {...},0,6,0,0,0,1,0,1,0,1
IBM Watson Health Cognitive Services Coverage Reports/annotator-for-clinical-data,com.ibm.watson.health.acd.v1.model,CancerDiagnosis.new TypeToken() {...},0,6,0,0,0,1,0,1,0,1
IBM Watson Health Cognitive Services Coverage Reports/annotator-for-clinical-data,com.ibm.watson.health.acd.v1.model,Smoking,0,242,2,2,0,37,2,16,0,16
IBM Watson Health Cognitive Services Coverage Reports/annotator-for-clinical-data,com.ibm.watson.health.acd.v1.model,GetFlowOptions.Builder,0,27,0,0,0,11,0,5,0,5
IBM Watson Health Cognitive Services Coverage Reports/annotator-for-clinical-data,com.ibm.watson.health.acd.v1.model,AcdProfile,0,15,0,0,0,5,0,5,0,5
IBM Watson Health Cognitive Services Coverage Reports/annotator-for-clinical-data,com.ibm.watson.health.acd.v1.model,ConceptValue,142,115,4,0,22,17,18,1,16,1
IBM Watson Health Cognitive Services Coverage Reports/annotator-for-clinical-data,com.ibm.watson.health.acd.v1.model,SymptomDisease.new TypeToken() {...},0,6,0,0,0,1,0,1,0,1
IBM Watson Health Cognitive Services Coverage Reports/annotator-for-clinical-data,com.ibm.watson.health.acd.v1.model,Reference,0,18,0,0,0,3,0,2,0,2
IBM Watson Health Cognitive Services Coverage Reports/annotator-for-clinical-data,com.ibm.watson.health.acd.v1.model,ConceptValue.new TypeToken() {...},0,6,0,0,0,1,0,1,0,1
IBM Watson Health Cognitive Services Coverage Reports/annotator-for-clinical-data,com.ibm.watson.health.acd.v1.model,ConceptValue.new TypeToken() {...},0,6,0,0,0,1,0,1,0,1
IBM Watson Health Cognitive Services Coverage Reports/annotator-for-clinical-data,com.ibm.watson.health.acd.v1.model,SpellingCorrection,0,63,0,0,0,9,0,5,0,5
IBM Watson Health Cognitive Services Coverage Reports/annotator-for-clinical-data,com.ibm.watson.health.acd.v1.model,SymptomDisease.new TypeToken() {...},0,6,0,0,0,1,0,1,0,1
IBM Watson Health Cognitive Services Coverage Reports/annotator-for-clinical-data,com.ibm.watson.health.acd.v1.model,ConceptValue.new TypeToken() {...},0,6,0,0,0,1,0,1,0,1
IBM Watson Health Cognitive Services Coverage Reports/annotator-for-clinical-data,com.ibm.watson.health.acd.v1.model,ConceptValue.new TypeToken() {...},0,6,0,0,0,1,0,1,0,1
IBM Watson Health Cognitive Services Coverage Reports/annotator-for-clinical-data,com.ibm.watson.health.acd.v1.model,ConceptValue.new TypeToken() {...},0,6,0,0,0,1,0,1,0,1
IBM Watson Health Cognitive Services Coverage Reports/annotator-for-clinical-data,com.ibm.watson.health.acd.v1.model,ConceptValue.new TypeToken() {...},0,6,0,0,0,1,0,1,0,1
IBM Watson Health Cognitive Services Coverage Reports/annotator-for-clinical-data,com.ibm.watson.health.acd.v1.model,FlowEntry.Builder,5,25,0,0,2,9,1,4,1,4
IBM Watson Health Cognitive Services Coverage Reports/annotator-for-clinical-data,com.ibm.watson.health.acd.v1.model,ConceptValue.new TypeToken() {...},0,6,0,0,0,1,0,1,0,1
IBM Watson Health Cognitive Services Coverage Reports/annotator-for-clinical-data,com.ibm.watson.health.acd.v1.model,Concept.new TypeToken() {...},0,6,0,0,0,1,0,1,0,1
IBM Watson Health Cognitive Services Coverage Reports/annotator-for-clinical-data,com.ibm.watson.health.acd.v1.model,Relation.new TypeToken() {...},0,6,0,0,0,1,0,1,0,1
IBM Watson Health Cognitive Services Coverage Reports/annotator-for-clinical-data,com.ibm.watson.health.acd.v1.model,Concept.new TypeToken() {...},0,6,0,0,0,1,0,1,0,1
IBM Watson Health Cognitive Services Coverage Reports/annotator-for-clinical-data,com.ibm.watson.health.acd.v1.model,Relation.new TypeToken() {...},0,6,0,0,0,1,0,1,0,1
IBM Watson Health Cognitive Services Coverage Reports/annotator-for-clinical-data,com.ibm.watson.health.acd.v1.model,Concept.new TypeToken() {...},0,6,0,0,0,1,0,1,0,1
IBM Watson Health Cognitive Services Coverage Reports/annotator-for-clinical-data,com.ibm.watson.health.acd.v1.model,SymptomDisease.new TypeToken() {...},0,6,0,0,0,1,0,1,0,1
IBM Watson Health Cognitive Services Coverage Reports/annotator-for-clinical-data,com.ibm.watson.health.acd.v1.model,Concept.new TypeToken() {...},0,6,0,0,0,1,0,1,0,1
IBM Watson Health Cognitive Services Coverage Reports/annotator-for-clinical-data,com.ibm.watson.health.acd.v1.model,Relation.new TypeToken() {...},0,6,0,0,0,1,0,1,0,1
IBM Watson Health Cognitive Services Coverage Reports/annotator-for-clinical-data,com.ibm.watson.health.acd.v1.model,SymptomDisease.new TypeToken() {...},0,6,0,0,0,1,0,1,0,1
IBM Watson Health Cognitive Services Coverage Reports/annotator-for-clinical-data,com.ibm.watson.health.acd.v1.model,ConceptValue.new TypeToken() {...},0,6,0,0,0,1,0,1,0,1
IBM Watson Health Cognitive Services Coverage Reports/annotator-for-clinical-data,com.ibm.watson.health.acd.v1.model,ConceptValue.new TypeToken() {...},0,6,0,0,0,1,0,1,0,1
IBM Watson Health Cognitive Services Coverage Reports/annotator-for-clinical-data,com.ibm.watson.health.acd.v1.model,Relation.new TypeToken() {...},0,6,0,0,0,1,0,1,0,1
IBM Watson Health Cognitive Services Coverage Reports/annotator-for-clinical-data,com.ibm.watson.health.acd.v1.model,Concept.new TypeToken() {...},0,6,0,0,0,1,0,1,0,1
IBM Watson Health Cognitive Services Coverage Reports/annotator-for-clinical-data,com.ibm.watson.health.acd.v1.model,Concept.new TypeToken() {...},0,6,0,0,0,1,0,1,0,1
IBM Watson Health Cognitive Services Coverage Reports/annotator-for-clinical-data,com.ibm.watson.health.acd.v1.model,MedicationAnnotation.new TypeToken() {...},0,6,0,0,0,1,0,1,0,1
IBM Watson Health Cognitive Services Coverage Reports/annotator-for-clinical-data,com.ibm.watson.health.acd.v1.model,MedicationAnnotation.new TypeToken() {...},0,6,0,0,0,1,0,1,0,1
IBM Watson Health Cognitive Services Coverage Reports/annotator-for-clinical-data,com.ibm.watson.health.acd.v1.model,MedicationAnnotation.new TypeToken() {...},0,6,0,0,0,1,0,1,0,1
IBM Watson Health Cognitive Services Coverage Reports/annotator-for-clinical-data,com.ibm.watson.health.acd.v1.model,Concept.new TypeToken() {...},0,6,0,0,0,1,0,1,0,1
IBM Watson Health Cognitive Services Coverage Reports/annotator-for-clinical-data,com.ibm.watson.health.acd.v1.model,Concept.new TypeToken() {...},0,6,0,0,0,1,0,1,0,1
IBM Watson Health Cognitive Services Coverage Reports/annotator-for-clinical-data,com.ibm.watson.health.acd.v1.model,Concept.new TypeToken() {...},0,6,0,0,0,1,0,1,0,1
IBM Watson Health Cognitive Services Coverage Reports/annotator-for-clinical-data,com.ibm.watson.health.acd.v1.model,Concept.new TypeToken() {...},0,6,0,0,0,1,0,1,0,1
IBM Watson Health Cognitive Services Coverage Reports/annotator-for-clinical-data,com.ibm.watson.health.acd.v1.model,Suggestion.new TypeToken() {...},0,6,0,0,0,1,0,1,0,1
IBM Watson Health Cognitive Services Coverage Reports/annotator-for-clinical-data,com.ibm.watson.health.acd.v1.model,GetProfileOptions,0,20,0,0,0,6,0,3,0,3
IBM Watson Health Cognitive Services Coverage Reports/annotator-for-clinical-data,com.ibm.watson.health.acd.v1.model,Annotation,0,93,0,0,0,13,0,7,0,7
IBM Watson Health Cognitive Services Coverage Reports/annotator-for-clinical-data,com.ibm.watson.health.acd.v1.model,Suggestion.new TypeToken() {...},0,6,0,0,0,1,0,1,0,1
IBM Watson Health Cognitive Services Coverage Reports/annotator-for-clinical-data,com.ibm.watson.health.acd.v1.model,Suggestion.new TypeToken() {...},0,6,0,0,0,1,0,1,0,1
IBM Watson Health Cognitive Services Coverage Reports/annotator-for-clinical-data,com.ibm.watson.health.acd.v1.model,Suggestion.new TypeToken() {...},0,6,0,0,0,1,0,1,0,1
IBM Watson Health Cognitive Services Coverage Reports/annotator-for-clinical-data,com.ibm.watson.health.acd.v1.model,ContainerAnnotation,0,93,0,0,0,31,0,31,0,31
IBM Watson Health Cognitive Services Coverage Reports/annotator-for-clinical-data,com.ibm.watson.health.acd.v1.model,SymptomDisease.new TypeToken() {...},0,6,0,0,0,1,0,1,0,1
IBM Watson Health Cognitive Services Coverage Reports/annotator-for-clinical-data,com.ibm.watson.health.acd.v1.model,SymptomDisease.new TypeToken() {...},0,6,0,0,0,1,0,1,0,1
IBM Watson Health Cognitive Services Coverage Reports/annotator-for-clinical-data,com.ibm.watson.health.acd.v1.model,SymptomDisease.new TypeToken() {...},0,6,0,0,0,1,0,1,0,1
IBM Watson Health Cognitive Services Coverage Reports/annotator-for-clinical-data,com.ibm.watson.health.acd.v1.model,SymptomDisease.new TypeToken() {...},0,6,0,0,0,1,0,1,0,1
IBM Watson Health Cognitive Services Coverage Reports/annotator-for-clinical-data,com.ibm.watson.health.acd.v1.model,SymptomDisease.new TypeToken() {...},0,6,0,0,0,1,0,1,0,1
IBM Watson Health Cognitive Services Coverage Reports/annotator-for-clinical-data,com.ibm.watson.health.acd.v1.model,SymptomDisease.new TypeToken() {...},0,6,0,0,0,1,0,1,0,1
IBM Watson Health Cognitive Services Coverage Reports/annotator-for-clinical-data,com.ibm.watson.health.acd.v1.model,SymptomDisease.new TypeToken() {...},0,6,0,0,0,1,0,1,0,1
IBM Watson Health Cognitive Services Coverage Reports/annotator-for-clinical-data,com.ibm.watson.health.acd.v1.model,SymptomDisease.new TypeToken() {...},0,6,0,0,0,1,0,1,0,1
IBM Watson Health Cognitive Services Coverage Reports/annotator-for-clinical-data,com.ibm.watson.health.acd.v1.model,SpellCorrectedText,0,33,0,0,0,5,0,3,0,3
IBM Watson Health Cognitive Services Coverage Reports/annotator-for-clinical-data,com.ibm.watson.health.acd.v1.model,AnnotatorFlow.Builder,5,25,0,0,2,9,1,4,1,4
IBM Watson Health Cognitive Services Coverage Reports/annotator-for-clinical-data,com.ibm.watson.health.acd.v1.model,Concept.new TypeToken() {...},0,6,0,0,0,1,0,1,0,1
IBM Watson Health Cognitive Services Coverage Reports/annotator-for-clinical-data,com.ibm.watson.health.acd.v1.model,SpellingCorrection.new TypeToken() {...},0,6,0,0,0,1,0,1,0,1
IBM Watson Health Cognitive Services Coverage Reports/annotator-for-clinical-data,com.ibm.watson.health.acd.v1.model,Concept.new TypeToken() {...},0,6,0,0,0,1,0,1,0,1
IBM Watson Health Cognitive Services Coverage Reports/annotator-for-clinical-data,com.ibm.watson.health.acd.v1.model,Concept.new TypeToken() {...},0,6,0,0,0,1,0,1,0,1
IBM Watson Health Cognitive Services Coverage Reports/annotator-for-clinical-data,com.ibm.watson.health.acd.v1.model,Concept.new TypeToken() {...},0,6,0,0,0,1,0,1,0,1
IBM Watson Health Cognitive Services Coverage Reports/annotator-for-clinical-data,com.ibm.watson.health.acd.v1.model,GetAnnotatorOptions.Builder,0,27,0,0,0,11,0,5,0,5
IBM Watson Health Cognitive Services Coverage Reports/annotator-for-clinical-data,com.ibm.watson.health.acd.v1.model,Concept.new TypeToken() {...},0,6,0,0,0,1,0,1,0,1
IBM Watson Health Cognitive Services Coverage Reports/annotator-for-clinical-data,com.ibm.watson.health.acd.v1.model,Concept.new TypeToken() {...},0,6,0,0,0,1,0,1,0,1
IBM Watson Health Cognitive Services Coverage Reports/annotator-for-clinical-data,com.ibm.watson.health.acd.v1.model,NegatedSpan,0,159,2,2,0,27,2,10,0,10
IBM Watson Health Cognitive Services Coverage Reports/annotator-for-clinical-data,com.ibm.watson.health.acd.v1.model,GetProfilesOptions,0,9,0,0,0,3,0,2,0,2
IBM Watson Health Cognitive Services Coverage Reports/annotator-for-clinical-data,com.ibm.watson.health.acd.v1.model,SpellingCorrection.new TypeToken() {...},0,6,0,0,0,1,0,1,0,1
IBM Watson Health Cognitive Services Coverage Reports/annotator-for-clinical-data,com.ibm.watson.health.acd.v1.model,SpellingCorrection.new TypeToken() {...},0,6,0,0,0,1,0,1,0,1
IBM Watson Health Cognitive Services Coverage Reports/annotator-for-clinical-data,com.ibm.watson.health.acd.v1.model,SpellingCorrection.new TypeToken() {...},0,6,0,0,0,1,0,1,0,1
IBM Watson Health Cognitive Services Coverage Reports/annotator-for-clinical-data,com.ibm.watson.health.acd.v1.model,AcdFlow,0,15,0,0,0,5,0,5,0,5
IBM Watson Health Cognitive Services Coverage Reports/annotator-for-clinical-data,com.ibm.watson.health.acd.v1.model,CancerDiagnosis,32,221,2,2,6,34,4,14,2,14
IBM Watson Health Cognitive Services Coverage Reports/annotator-for-clinical-data,com.ibm.watson.health.acd.v1.model,GetHealthCheckOptions,0,9,0,0,0,3,0,2,0,2
IBM Watson Health Cognitive Services Coverage Reports/annotator-for-clinical-data,com.ibm.watson.health.acd.v1.model,AnalyzeOptions.Builder,10,65,2,2,4,20,4,6,2,6
IBM Watson Health Cognitive Services Coverage Reports/annotator-for-clinical-data,com.ibm.watson.health.acd.v1.model,ListAnnotatorsOptions.Builder,0,12,0,0,0,5,0,3,0,3
IBM Watson Health Cognitive Services Coverage Reports/annotator-for-clinical-data,com.ibm.watson.health.acd.v1.model,SymptomDisease,3,329,1,3,1,48,1,23,0,22
IBM Watson Health Cognitive Services Coverage Reports/annotator-for-clinical-data,com.ibm.watson.health.acd.v1.model,GetFlowsOptions.Builder,0,12,0,0,0,5,0,3,0,3
IBM Watson Health Cognitive Services Coverage Reports/annotator-for-clinical-data,com.ibm.watson.health.acd.v1.model,ConceptValue.new TypeToken() {...},0,6,0,0,0,1,0,1,0,1
IBM Watson Health Cognitive Services Coverage Reports/annotator-for-clinical-data,com.ibm.watson.health.acd.v1.model,Relation,0,65,0,0,0,10,0,5,0,5
IBM Watson Health Cognitive Services Coverage Reports/annotator-for-clinical-data,com.ibm.watson.health.acd.v1.model,GetFlowsOptions,0,9,0,0,0,3,0,2,0,2
IBM Watson Health Cognitive Services Coverage Reports/annotator-for-clinical-data,com.ibm.watson.health.acd.v1.model,ConceptValue.new TypeToken() {...},0,6,0,0,0,1,0,1,0,1
IBM Watson Health Cognitive Services Coverage Reports/annotator-for-clinical-data,com.ibm.watson.health.acd.v1.model,ConceptValue.new TypeToken() {...},0,6,0,0,0,1,0,1,0,1
IBM Watson Health Cognitive Services Coverage Reports/annotator-for-clinical-data,com.ibm.watson.health.acd.v1.model,ConceptValue.new TypeToken() {...},0,6,0,0,0,1,0,1,0,1
IBM Watson Health Cognitive Services Coverage Reports/annotator-for-clinical-data,com.ibm.watson.health.acd.v1.model,ConceptValue.new TypeToken() {...},0,6,0,0,0,1,0,1,0,1
IBM Watson Health Cognitive Services Coverage Reports/annotator-for-clinical-data,com.ibm.watson.health.acd.v1.model,ConceptValue.new TypeToken() {...},0,6,0,0,0,1,0,1,0,1
IBM Watson Health Cognitive Services Coverage Reports/annotator-for-clinical-data,com.ibm.watson.health.acd.v1.model,ConceptValue.new TypeToken() {...},0,6,0,0,0,1,0,1,0,1
IBM Watson Health Cognitive Services Coverage Reports/annotator-for-clinical-data,com.ibm.watson.health.acd.v1.model,Disambiguation,0,6,0,0,0,2,0,2,0,2
IBM Watson Health Cognitive Services Coverage Reports/annotator-for-clinical-data,com.ibm.watson.health.acd.v1.model,ListAnnotatorsOptions,0,9,0,0,0,3,0,2,0,2
IBM Watson Health Cognitive Services Coverage Reports/annotator-for-clinical-data,com.ibm.watson.health.acd.v1.model,Concept,84,446,0,4,28,75,14,37,14,35
IBM Watson Health Cognitive Services Coverage Reports/annotator-for-clinical-data,com.ibm.watson.health.acd.v1.model,ConfigurationEntity,9,16,0,0,3,7,3,4,3,4
IBM Watson Health Cognitive Services Coverage Reports/annotator-for-clinical-data,com.ibm.watson.health.acd.v1.model,LabValueAnnotation,46,211,4,0,10,29,6,13,4,13
IBM Watson Health Cognitive Services Coverage Reports/annotator-for-clinical-data,com.ibm.watson.health.acd.v1.model,Procedure.new TypeToken() {...},0,6,0,0,0,1,0,1,0,1
IBM Watson Health Cognitive Services Coverage Reports/annotator-for-clinical-data,com.ibm.watson.health.acd.v1.model,Procedure.new TypeToken() {...},0,6,0,0,0,1,0,1,0,1
IBM Watson Health Cognitive Services Coverage Reports/annotator-for-clinical-data,com.ibm.watson.health.acd.v1.model,Procedure.new TypeToken() {...},0,6,0,0,0,1,0,1,0,1
IBM Watson Health Cognitive Services Coverage Reports/annotator-for-clinical-data,com.ibm.watson.health.acd.v1.model,Procedure.new TypeToken() {...},0,6,0,0,0,1,0,1,0,1
IBM Watson Health Cognitive Services Coverage Reports/annotator-for-clinical-data,com.ibm.watson.health.acd.v1.model,Procedure.new TypeToken() {...},0,6,0,0,0,1,0,1,0,1
IBM Watson Health Cognitive Services Coverage Reports/annotator-for-clinical-data,com.ibm.watson.health.acd.v1.model,Procedure.new TypeToken() {...},0,6,0,0,0,1,0,1,0,1
IBM Watson Health Cognitive Services Coverage Reports/annotator-for-clinical-data,com.ibm.watson.health.acd.v1.model,Procedure.new TypeToken() {...},0,6,0,0,0,1,0,1,0,1
IBM Watson Health Cognitive Services Coverage Reports/annotator-for-clinical-data,com.ibm.watson.health.acd.v1.model,Procedure.new TypeToken() {...},0,6,0,0,0,1,0,1,0,1
IBM Watson Health Cognitive Services Coverage Reports/annotator-for-clinical-data,com.ibm.watson.health.acd.v1.model,SectionAnnotation.new TypeToken() {...},0,6,0,0,0,1,0,1,0,1
IBM Watson Health Cognitive Services Coverage Reports/annotator-for-clinical-data,com.ibm.watson.health.acd.v1.model,SectionAnnotation.new TypeToken() {...},0,6,0,0,0,1,0,1,0,1
IBM Watson Health Cognitive Services Coverage Reports/annotator-for-clinical-data,com.ibm.watson.health.acd.v1.model,SectionAnnotation.new TypeToken() {...},0,6,0,0,0,1,0,1,0,1
IBM Watson Health Cognitive Services Coverage Reports/annotator-for-clinical-data,com.ibm.watson.health.acd.v1.model,SectionAnnotation.new TypeToken() {...},0,6,0,0,0,1,0,1,0,1
IBM Watson Health Cognitive Services Coverage Reports/annotator-for-clinical-data,com.ibm.watson.health.acd.v1.model,SectionAnnotation.new TypeToken() {...},0,6,0,0,0,1,0,1,0,1
IBM Watson Health Cognitive Services Coverage Reports/annotator-for-clinical-data,com.ibm.watson.health.acd.v1.model,SectionAnnotation.new TypeToken() {...},0,6,0,0,0,1,0,1,0,1
IBM Watson Health Cognitive Services Coverage Reports/annotator-for-clinical-data,com.ibm.watson.health.acd.v1.model,RequestContainer.Builder,39,27,3,1,13,8,6,3,4,3
IBM Watson Health Cognitive Services Coverage Reports/annotator-for-clinical-data,com.ibm.watson.health.acd.v1.model,Procedure.new TypeToken() {...},0,6,0,0,0,1,0,1,0,1
IBM Watson Health Cognitive Services Coverage Reports/annotator-for-clinical-data,com.ibm.watson.health.acd.v1,AnnotatorForClinicalData,99,1283,35,35,20,202,29,48,4,38
IBM Watson Health Cognitive Services Coverage Reports/annotator-for-clinical-data,com.ibm.watson.health.acd.v1,AnnotatorForClinicalData.Builder,20,60,2,2,2,19,2,7,0,7
IBM Watson Health Cognitive Services Coverage Reports/annotator-for-clinical-data,com.ibm.watson.health.acd.v1.util,CustomCollection,154,102,6,4,31,27,6,8,2,7
IBM Watson Health Cognitive Services Coverage Reports/annotator-for-clinical-data,com.ibm.watson.health.acd.v1.util,CustomDeserializer,18,24,0,0,4,6,1,2,1,2
IBM Watson Health Cognitive Services Coverage Reports/annotator-for-clinical-data,com.ibm.watson.health.acd.v1.util,HttpClientOptions,0,38,0,0,0,12,0,6,0,6
IBM Watson Health Cognitive Services Coverage Reports/annotator-for-clinical-data,com.ibm.watson.health.acd.v1.util,HttpClientOptions.Builder,0,49,0,0,0,18,0,7,0,7
IBM Watson Health Cognitive Services Coverage Reports/annotator-for-clinical-data,com.ibm.watson.health.acd.v1.util,FlowUtil.Builder,11,72,2,4,4,20,3,6,1,5
IBM Watson Health Cognitive Services Coverage Reports/annotator-for-clinical-data,com.ibm.watson.health.acd.v1.util,FlowUtil,23,18,0,0,7,4,4,2,4,2
IBM Watson Health Cognitive Services Coverage Reports/annotator-for-clinical-data,com.ibm.watson.health.acd.v1.exception,IllegalMethodException,4,0,0,0,2,0,1,0,1,0
IBM Watson Health Cognitive Services Coverage Reports/annotator-for-clinical-data,com.ibm.watson.health.acd.v1.exception,IndexNotAvailableException,4,0,0,0,2,0,1,0,1,0
IBM Watson Health Cognitive Services Coverage Reports/annotator-for-clinical-data,com.ibm.watson.health.acd.v1.exception,ParameterNotAvailableException,4,0,0,0,2,0,1,0,1,0
